create_date,valid_from,valid_to,carrier,estimated_days,origin_country,origin_name,origin_code5,destination_country,destination_name,destination_code5,shipping_type,load_type,load_amount,price_usd
2024-03-04,2024-03-03,2024-03-17,Maersk,12,TW,Keelung,TWKEL,JP,Yokohama,JPYOK,FCL,20' Standard,1,275
2024-03-04,2024-03-03,2024-03-17,Maersk,12,TW,Keelung,TWKEL,JP,Yokohama,JPYOK,FCL,40' Standard,1,308
2024-03-04,2024-03-03,2024-03-17,Maersk,12,TW,Keelung,TWKEL,JP,Yokohama,JPYOK,FCL,40' High Cube,1,308
2024-03-04,2024-03-03,2024-04-04,Maersk,70,ES,Barcelona,ESBCN,ID,Balikpapan,IDBPN,FCL,20' Standard,1,1481
2024-03-04,2024-03-03,2024-04-04,Maersk,70,ES,Barcelona,ESBCN,ID,Balikpapan,IDBPN,FCL,40' Standard,1,2732
2024-03-04,2024-03-03,2024-04-04,Maersk,70,ES,Barcelona,ESBCN,ID,Balikpapan,IDBPN,FCL,40' High Cube,1,2732
2024-03-04,2024-03-03,2024-04-02,Maersk,57,CN,Zhongshan,CNZSN,BR,Paranagua,BRPNG,FCL,20' Standard,1,1822
2024-03-04,2024-03-03,2024-04-02,Maersk,57,CN,Zhongshan,CNZSN,BR,Paranagua,BRPNG,FCL,40' Standard,1,2135
2024-03-04,2024-03-03,2024-04-02,Maersk,57,CN,Zhongshan,CNZSN,BR,Paranagua,BRPNG,FCL,40' High Cube,1,2135
2024-03-04,2024-03-03,2024-03-29,Maersk,42,LK,Colombo,LKCMB,MA,Agadir,MAAGA,FCL,20' Standard,1,3419
2024-03-04,2024-03-03,2024-03-29,Maersk,42,LK,Colombo,LKCMB,MA,Agadir,MAAGA,FCL,40' Standard,1,4028
2024-03-04,2024-03-03,2024-03-29,Maersk,42,LK,Colombo,LKCMB,MA,Agadir,MAAGA,FCL,40' High Cube,1,4028
2024-03-04,2024-03-07,2024-03-09,,2,CN,Shanghai,CNSHA,JP,Kobe,JPUKB,FCL,20' Standard,1,615
2024-03-04,2024-03-07,2024-03-09,,2,CN,Shanghai,CNSHA,JP,Kobe,JPUKB,FCL,40' Standard,1,1230
2024-03-04,2024-03-07,2024-03-09,,2,CN,Shanghai,CNSHA,JP,Kobe,JPUKB,FCL,40' High Cube,1,1230
2024-03-04,2024-03-09,2024-03-11,,2,CN,Shanghai,CNSHA,JP,Kobe,JPUKB,FCL,20' Standard,1,615
2024-03-04,2024-03-09,2024-03-11,,2,CN,Shanghai,CNSHA,JP,Kobe,JPUKB,FCL,40' Standard,1,1230
2024-03-04,2024-03-09,2024-03-11,,2,CN,Shanghai,CNSHA,JP,Kobe,JPUKB,FCL,40' High Cube,1,1230
2024-03-04,2024-03-11,2024-03-13,,2,CN,Shanghai,CNSHA,JP,Kobe,JPUKB,FCL,20' Standard,1,615
2024-03-04,2024-03-11,2024-03-13,,2,CN,Shanghai,CNSHA,JP,Kobe,JPUKB,FCL,40' Standard,1,1230
2024-03-04,2024-03-11,2024-03-13,,2,CN,Shanghai,CNSHA,JP,Kobe,JPUKB,FCL,40' High Cube,1,1230
2024-03-04,2024-03-11,2024-03-14,COSCO,3,CN,Shanghai,CNSHA,JP,Kobe,JPUKB,FCL,20' Standard,1,505
2024-03-04,2024-03-11,2024-03-14,COSCO,3,CN,Shanghai,CNSHA,JP,Kobe,JPUKB,FCL,40' Standard,1,1010
2024-03-04,2024-03-11,2024-03-14,COSCO,3,CN,Shanghai,CNSHA,JP,Kobe,JPUKB,FCL,40' High Cube,1,1010
2024-03-04,2024-03-08,2024-03-11,COSCO,3,CN,Shanghai,CNSHA,JP,Kobe,JPUKB,FCL,20' Standard,1,505
2024-03-04,2024-03-08,2024-03-11,COSCO,3,CN,Shanghai,CNSHA,JP,Kobe,JPUKB,FCL,40' Standard,1,1010
2024-03-04,2024-03-08,2024-03-11,COSCO,3,CN,Shanghai,CNSHA,JP,Kobe,JPUKB,FCL,40' High Cube,1,1010
2024-03-04,2024-03-04,2024-03-07,COSCO,3,CN,Shanghai,CNSHA,JP,Kobe,JPUKB,FCL,20' Standard,1,505
2024-03-04,2024-03-04,2024-03-07,COSCO,3,CN,Shanghai,CNSHA,JP,Kobe,JPUKB,FCL,40' Standard,1,1010
2024-03-04,2024-03-04,2024-03-07,COSCO,3,CN,Shanghai,CNSHA,JP,Kobe,JPUKB,FCL,40' High Cube,1,1010
2024-03-04,2024-03-11,2024-03-14,SITC,3,CN,Shanghai,CNSHA,JP,Kobe,JPUKB,FCL,20' Standard,1,370
2024-03-04,2024-03-11,2024-03-14,SITC,3,CN,Shanghai,CNSHA,JP,Kobe,JPUKB,FCL,40' Standard,1,740
2024-03-04,2024-03-11,2024-03-14,SITC,3,CN,Shanghai,CNSHA,JP,Kobe,JPUKB,FCL,40' High Cube,1,740
2024-03-04,2024-03-07,2024-03-10,SITC,3,CN,Shanghai,CNSHA,JP,Kobe,JPUKB,FCL,20' Standard,1,370
2024-03-04,2024-03-07,2024-03-10,SITC,3,CN,Shanghai,CNSHA,JP,Kobe,JPUKB,FCL,40' Standard,1,740
2024-03-04,2024-03-07,2024-03-10,SITC,3,CN,Shanghai,CNSHA,JP,Kobe,JPUKB,FCL,40' High Cube,1,740
2024-03-04,2024-03-09,2024-03-12,SITC,3,CN,Shanghai,CNSHA,JP,Kobe,JPUKB,FCL,20' Standard,1,370
2024-03-04,2024-03-09,2024-03-12,SITC,3,CN,Shanghai,CNSHA,JP,Kobe,JPUKB,FCL,40' Standard,1,740
2024-03-04,2024-03-09,2024-03-12,SITC,3,CN,Shanghai,CNSHA,JP,Kobe,JPUKB,FCL,40' High Cube,1,740
2024-03-04,2024-03-06,2024-03-09,SITC,3,CN,Shanghai,CNSHA,JP,Kobe,JPUKB,FCL,20' Standard,1,370
2024-03-04,2024-03-06,2024-03-09,SITC,3,CN,Shanghai,CNSHA,JP,Kobe,JPUKB,FCL,40' Standard,1,740
2024-03-04,2024-03-06,2024-03-09,SITC,3,CN,Shanghai,CNSHA,JP,Kobe,JPUKB,FCL,40' High Cube,1,740
2024-03-04,2024-03-04,2024-03-07,SITC,3,CN,Shanghai,CNSHA,JP,Kobe,JPUKB,FCL,20' Standard,1,370
2024-03-04,2024-03-04,2024-03-07,SITC,3,CN,Shanghai,CNSHA,JP,Kobe,JPUKB,FCL,40' Standard,1,740
2024-03-04,2024-03-04,2024-03-07,SITC,3,CN,Shanghai,CNSHA,JP,Kobe,JPUKB,FCL,40' High Cube,1,740
2024-03-04,2024-03-08,2024-03-11,SITC,3,CN,Shanghai,CNSHA,JP,Kobe,JPUKB,FCL,20' Standard,1,370
2024-03-04,2024-03-08,2024-03-11,SITC,3,CN,Shanghai,CNSHA,JP,Kobe,JPUKB,FCL,40' Standard,1,740
2024-03-04,2024-03-08,2024-03-11,SITC,3,CN,Shanghai,CNSHA,JP,Kobe,JPUKB,FCL,40' High Cube,1,740
2024-03-04,2024-03-09,2024-03-12,HASCO,3,CN,Shanghai,CNSHA,JP,Kobe,JPUKB,FCL,20' Standard,1,365
2024-03-04,2024-03-09,2024-03-12,HASCO,3,CN,Shanghai,CNSHA,JP,Kobe,JPUKB,FCL,40' Standard,1,730
2024-03-04,2024-03-09,2024-03-12,HASCO,3,CN,Shanghai,CNSHA,JP,Kobe,JPUKB,FCL,40' High Cube,1,730
2024-03-04,2024-03-11,2024-03-14,HASCO,3,CN,Shanghai,CNSHA,JP,Kobe,JPUKB,FCL,20' Standard,1,345
2024-03-04,2024-03-11,2024-03-14,HASCO,3,CN,Shanghai,CNSHA,JP,Kobe,JPUKB,FCL,40' Standard,1,690
2024-03-04,2024-03-11,2024-03-14,HASCO,3,CN,Shanghai,CNSHA,JP,Kobe,JPUKB,FCL,40' High Cube,1,690
2024-03-04,2024-03-08,2024-03-11,HASCO,3,CN,Shanghai,CNSHA,JP,Kobe,JPUKB,FCL,20' Standard,1,345
2024-03-04,2024-03-08,2024-03-11,HASCO,3,CN,Shanghai,CNSHA,JP,Kobe,JPUKB,FCL,40' Standard,1,690
2024-03-04,2024-03-08,2024-03-11,HASCO,3,CN,Shanghai,CNSHA,JP,Kobe,JPUKB,FCL,40' High Cube,1,690
2024-03-04,2024-03-08,2024-03-11,,3,CN,Shanghai,CNSHA,JP,Kobe,JPUKB,FCL,20' Standard,1,345
2024-03-04,2024-03-08,2024-03-11,,3,CN,Shanghai,CNSHA,JP,Kobe,JPUKB,FCL,40' Standard,1,670
2024-03-04,2024-03-08,2024-03-11,,3,CN,Shanghai,CNSHA,JP,Kobe,JPUKB,FCL,40' High Cube,1,670
2024-03-04,2024-03-06,2024-03-09,,3,CN,Shanghai,CNSHA,JP,Kobe,JPUKB,FCL,20' Standard,1,345
2024-03-04,2024-03-06,2024-03-09,,3,CN,Shanghai,CNSHA,JP,Kobe,JPUKB,FCL,40' Standard,1,670
2024-03-04,2024-03-06,2024-03-09,,3,CN,Shanghai,CNSHA,JP,Kobe,JPUKB,FCL,40' High Cube,1,670
2024-03-04,2024-03-07,2024-03-10,HASCO,3,CN,Shanghai,CNSHA,JP,Kobe,JPUKB,FCL,20' Standard,1,345
2024-03-04,2024-03-07,2024-03-10,HASCO,3,CN,Shanghai,CNSHA,JP,Kobe,JPUKB,FCL,40' Standard,1,690
2024-03-04,2024-03-07,2024-03-10,HASCO,3,CN,Shanghai,CNSHA,JP,Kobe,JPUKB,FCL,40' High Cube,1,690
2024-03-04,2024-03-09,2024-03-12,,3,CN,Shanghai,CNSHA,JP,Kobe,JPUKB,FCL,20' Standard,1,345
2024-03-04,2024-03-09,2024-03-12,,3,CN,Shanghai,CNSHA,JP,Kobe,JPUKB,FCL,40' Standard,1,670
2024-03-04,2024-03-09,2024-03-12,,3,CN,Shanghai,CNSHA,JP,Kobe,JPUKB,FCL,40' High Cube,1,670
2024-03-04,2024-03-04,2024-03-07,,3,CN,Shanghai,CNSHA,JP,Kobe,JPUKB,FCL,20' Standard,1,345
2024-03-04,2024-03-04,2024-03-07,,3,CN,Shanghai,CNSHA,JP,Kobe,JPUKB,FCL,40' Standard,1,670
2024-03-04,2024-03-04,2024-03-07,,3,CN,Shanghai,CNSHA,JP,Kobe,JPUKB,FCL,40' High Cube,1,670
2024-03-04,2024-03-07,2024-03-10,,3,CN,Shanghai,CNSHA,JP,Kobe,JPUKB,FCL,20' Standard,1,345
2024-03-04,2024-03-07,2024-03-10,,3,CN,Shanghai,CNSHA,JP,Kobe,JPUKB,FCL,40' Standard,1,670
2024-03-04,2024-03-07,2024-03-10,,3,CN,Shanghai,CNSHA,JP,Kobe,JPUKB,FCL,40' High Cube,1,670
2024-03-04,2024-03-09,2024-03-12,HASCO,3,CN,Shanghai,CNSHA,JP,Kobe,JPUKB,FCL,20' Standard,1,345
2024-03-04,2024-03-09,2024-03-12,HASCO,3,CN,Shanghai,CNSHA,JP,Kobe,JPUKB,FCL,40' Standard,1,690
2024-03-04,2024-03-09,2024-03-12,HASCO,3,CN,Shanghai,CNSHA,JP,Kobe,JPUKB,FCL,40' High Cube,1,690
2024-03-04,2024-03-11,2024-03-14,,3,CN,Shanghai,CNSHA,JP,Kobe,JPUKB,FCL,20' Standard,1,345
2024-03-04,2024-03-11,2024-03-14,,3,CN,Shanghai,CNSHA,JP,Kobe,JPUKB,FCL,40' Standard,1,670
2024-03-04,2024-03-11,2024-03-14,,3,CN,Shanghai,CNSHA,JP,Kobe,JPUKB,FCL,40' High Cube,1,670
2024-03-04,2024-03-04,2024-03-07,HASCO,3,CN,Shanghai,CNSHA,JP,Kobe,JPUKB,FCL,20' Standard,1,345
2024-03-04,2024-03-04,2024-03-07,HASCO,3,CN,Shanghai,CNSHA,JP,Kobe,JPUKB,FCL,40' Standard,1,690
2024-03-04,2024-03-04,2024-03-07,HASCO,3,CN,Shanghai,CNSHA,JP,Kobe,JPUKB,FCL,40' High Cube,1,690
2024-03-04,2024-03-04,2024-03-07,Sinotrans,3,CN,Shanghai,CNSHA,JP,Kobe,JPUKB,FCL,20' Standard,1,325
2024-03-04,2024-03-04,2024-03-07,Sinotrans,3,CN,Shanghai,CNSHA,JP,Kobe,JPUKB,FCL,40' Standard,1,650
2024-03-04,2024-03-04,2024-03-07,Sinotrans,3,CN,Shanghai,CNSHA,JP,Kobe,JPUKB,FCL,40' High Cube,1,650
2024-03-04,2024-03-11,2024-03-14,Sinotrans,3,CN,Shanghai,CNSHA,JP,Kobe,JPUKB,FCL,20' Standard,1,325
2024-03-04,2024-03-11,2024-03-14,Sinotrans,3,CN,Shanghai,CNSHA,JP,Kobe,JPUKB,FCL,40' Standard,1,650
2024-03-04,2024-03-11,2024-03-14,Sinotrans,3,CN,Shanghai,CNSHA,JP,Kobe,JPUKB,FCL,40' High Cube,1,650
2024-03-04,2024-03-08,2024-03-11,Sinotrans,3,CN,Shanghai,CNSHA,JP,Kobe,JPUKB,FCL,20' Standard,1,325
2024-03-04,2024-03-08,2024-03-11,Sinotrans,3,CN,Shanghai,CNSHA,JP,Kobe,JPUKB,FCL,40' Standard,1,650
2024-03-04,2024-03-08,2024-03-11,Sinotrans,3,CN,Shanghai,CNSHA,JP,Kobe,JPUKB,FCL,40' High Cube,1,650
2024-03-04,2024-03-11,2024-03-13,CCL,2,CN,Shanghai,CNSHA,JP,Kobe,JPUKB,FCL,20' Standard,1,315
2024-03-04,2024-03-11,2024-03-13,CCL,2,CN,Shanghai,CNSHA,JP,Kobe,JPUKB,FCL,40' Standard,1,630
2024-03-04,2024-03-11,2024-03-13,CCL,2,CN,Shanghai,CNSHA,JP,Kobe,JPUKB,FCL,40' High Cube,1,630
2024-03-04,2024-03-09,2024-03-12,CCL,3,CN,Shanghai,CNSHA,JP,Kobe,JPUKB,FCL,20' Standard,1,315
2024-03-04,2024-03-09,2024-03-12,CCL,3,CN,Shanghai,CNSHA,JP,Kobe,JPUKB,FCL,40' Standard,1,630
2024-03-04,2024-03-09,2024-03-12,CCL,3,CN,Shanghai,CNSHA,JP,Kobe,JPUKB,FCL,40' High Cube,1,630
2024-03-04,2024-03-07,2024-03-10,CCL,3,CN,Shanghai,CNSHA,JP,Kobe,JPUKB,FCL,20' Standard,1,315
2024-03-04,2024-03-07,2024-03-10,CCL,3,CN,Shanghai,CNSHA,JP,Kobe,JPUKB,FCL,40' Standard,1,630
2024-03-04,2024-03-07,2024-03-10,CCL,3,CN,Shanghai,CNSHA,JP,Kobe,JPUKB,FCL,40' High Cube,1,630
2024-03-04,2024-03-04,2024-03-06,CCL,2,CN,Shanghai,CNSHA,JP,Kobe,JPUKB,FCL,20' Standard,1,310
2024-03-04,2024-03-04,2024-03-06,CCL,2,CN,Shanghai,CNSHA,JP,Kobe,JPUKB,FCL,40' Standard,1,620
2024-03-04,2024-03-04,2024-03-06,CCL,2,CN,Shanghai,CNSHA,JP,Kobe,JPUKB,FCL,40' High Cube,1,620
2024-03-04,2024-03-09,2024-03-12,,3,CN,Shanghai,CNSHA,JP,Kobe,JPUKB,FCL,20' Standard,1,305
2024-03-04,2024-03-09,2024-03-12,,3,CN,Shanghai,CNSHA,JP,Kobe,JPUKB,FCL,40' Standard,1,610
2024-03-04,2024-03-09,2024-03-12,,3,CN,Shanghai,CNSHA,JP,Kobe,JPUKB,FCL,40' High Cube,1,610
2024-03-04,2024-03-11,2024-03-13,,2,CN,Shanghai,CNSHA,JP,Kobe,JPUKB,FCL,20' Standard,1,305
2024-03-04,2024-03-11,2024-03-13,,2,CN,Shanghai,CNSHA,JP,Kobe,JPUKB,FCL,40' Standard,1,610
2024-03-04,2024-03-11,2024-03-13,,2,CN,Shanghai,CNSHA,JP,Kobe,JPUKB,FCL,40' High Cube,1,610
2024-03-04,2024-03-08,2024-03-11,Sinotrans,3,CN,Shanghai,CNSHA,JP,Kobe,JPUKB,FCL,20' Standard,1,305
2024-03-04,2024-03-08,2024-03-11,Sinotrans,3,CN,Shanghai,CNSHA,JP,Kobe,JPUKB,FCL,40' Standard,1,610
2024-03-04,2024-03-08,2024-03-11,Sinotrans,3,CN,Shanghai,CNSHA,JP,Kobe,JPUKB,FCL,40' High Cube,1,610
2024-03-04,2024-03-07,2024-03-10,,3,CN,Shanghai,CNSHA,JP,Kobe,JPUKB,FCL,20' Standard,1,305
2024-03-04,2024-03-07,2024-03-10,,3,CN,Shanghai,CNSHA,JP,Kobe,JPUKB,FCL,40' Standard,1,610
2024-03-04,2024-03-07,2024-03-10,,3,CN,Shanghai,CNSHA,JP,Kobe,JPUKB,FCL,40' High Cube,1,610
2024-03-04,2024-03-07,2024-03-10,,3,CN,Shanghai,CNSHA,JP,Kobe,JPUKB,FCL,20' Standard,1,305
2024-03-04,2024-03-07,2024-03-10,,3,CN,Shanghai,CNSHA,JP,Kobe,JPUKB,FCL,40' Standard,1,610
2024-03-04,2024-03-07,2024-03-10,,3,CN,Shanghai,CNSHA,JP,Kobe,JPUKB,FCL,40' High Cube,1,610
2024-03-04,2024-03-09,2024-03-12,,3,CN,Shanghai,CNSHA,JP,Kobe,JPUKB,FCL,20' Standard,1,305
2024-03-04,2024-03-09,2024-03-12,,3,CN,Shanghai,CNSHA,JP,Kobe,JPUKB,FCL,40' Standard,1,610
2024-03-04,2024-03-09,2024-03-12,,3,CN,Shanghai,CNSHA,JP,Kobe,JPUKB,FCL,40' High Cube,1,610
2024-03-04,2024-03-11,2024-03-13,,2,CN,Shanghai,CNSHA,JP,Kobe,JPUKB,FCL,20' Standard,1,305
2024-03-04,2024-03-11,2024-03-13,,2,CN,Shanghai,CNSHA,JP,Kobe,JPUKB,FCL,40' Standard,1,610
2024-03-04,2024-03-11,2024-03-13,,2,CN,Shanghai,CNSHA,JP,Kobe,JPUKB,FCL,40' High Cube,1,610
2024-03-04,2024-03-04,2024-03-06,,2,CN,Shanghai,CNSHA,JP,Kobe,JPUKB,FCL,20' Standard,1,305
2024-03-04,2024-03-04,2024-03-06,,2,CN,Shanghai,CNSHA,JP,Kobe,JPUKB,FCL,40' Standard,1,610
2024-03-04,2024-03-04,2024-03-06,,2,CN,Shanghai,CNSHA,JP,Kobe,JPUKB,FCL,40' High Cube,1,610
2024-03-04,2024-03-04,2024-03-06,,2,CN,Shanghai,CNSHA,JP,Kobe,JPUKB,FCL,20' Standard,1,305
2024-03-04,2024-03-04,2024-03-06,,2,CN,Shanghai,CNSHA,JP,Kobe,JPUKB,FCL,40' Standard,1,610
2024-03-04,2024-03-04,2024-03-06,,2,CN,Shanghai,CNSHA,JP,Kobe,JPUKB,FCL,40' High Cube,1,610
2024-03-04,2024-03-04,2024-04-30,,57,CN,Shanghai,CNSHA,NL,Rotterdam,NLRTM,FCL,20' Standard,1,2080
2024-03-04,2024-03-04,2024-04-30,,57,CN,Shanghai,CNSHA,NL,Rotterdam,NLRTM,FCL,40' Standard,1,3830
2024-03-04,2024-03-04,2024-04-30,,57,CN,Shanghai,CNSHA,NL,Rotterdam,NLRTM,FCL,40' High Cube,1,3830
2024-03-04,2024-03-13,2024-04-23,,41,CN,Shanghai,CNSHA,NL,Rotterdam,NLRTM,FCL,20' Standard,1,2080
2024-03-04,2024-03-13,2024-04-23,,41,CN,Shanghai,CNSHA,NL,Rotterdam,NLRTM,FCL,40' Standard,1,3830
2024-03-04,2024-03-13,2024-04-23,,41,CN,Shanghai,CNSHA,NL,Rotterdam,NLRTM,FCL,40' High Cube,1,3830
2024-03-04,2024-03-11,2024-05-06,,56,CN,Shanghai,CNSHA,NL,Rotterdam,NLRTM,FCL,20' Standard,1,2080
2024-03-04,2024-03-11,2024-05-06,,56,CN,Shanghai,CNSHA,NL,Rotterdam,NLRTM,FCL,40' Standard,1,3830
2024-03-04,2024-03-11,2024-05-06,,56,CN,Shanghai,CNSHA,NL,Rotterdam,NLRTM,FCL,40' High Cube,1,3830
2024-03-04,2024-03-06,2024-04-30,ONE,55,CN,Shanghai,CNSHA,NL,Rotterdam,NLRTM,FCL,20' Standard,1,2075
2024-03-04,2024-03-06,2024-04-30,ONE,55,CN,Shanghai,CNSHA,NL,Rotterdam,NLRTM,FCL,40' Standard,1,3885
2024-03-04,2024-03-06,2024-04-30,ONE,55,CN,Shanghai,CNSHA,NL,Rotterdam,NLRTM,FCL,40' High Cube,1,3885
2024-03-04,2024-03-13,2024-04-25,ONE,43,CN,Shanghai,CNSHA,NL,Rotterdam,NLRTM,FCL,20' Standard,1,2075
2024-03-04,2024-03-13,2024-04-25,ONE,43,CN,Shanghai,CNSHA,NL,Rotterdam,NLRTM,FCL,40' Standard,1,3885
2024-03-04,2024-03-13,2024-04-25,ONE,43,CN,Shanghai,CNSHA,NL,Rotterdam,NLRTM,FCL,40' High Cube,1,3885
2024-03-04,2024-03-23,2024-05-01,,39,CN,Shanghai,CNSHA,NL,Rotterdam,NLRTM,FCL,20' Standard,1,2010
2024-03-04,2024-03-23,2024-05-01,,39,CN,Shanghai,CNSHA,NL,Rotterdam,NLRTM,FCL,40' Standard,1,3785
2024-03-04,2024-03-23,2024-05-01,,39,CN,Shanghai,CNSHA,NL,Rotterdam,NLRTM,FCL,40' High Cube,1,3785
2024-03-04,2024-03-05,2024-04-10,,36,CN,Shanghai,CNSHA,NL,Rotterdam,NLRTM,FCL,20' Standard,1,2010
2024-03-04,2024-03-05,2024-04-10,,36,CN,Shanghai,CNSHA,NL,Rotterdam,NLRTM,FCL,40' Standard,1,3785
2024-03-04,2024-03-05,2024-04-10,,36,CN,Shanghai,CNSHA,NL,Rotterdam,NLRTM,FCL,40' High Cube,1,3785
2024-03-04,2024-03-10,2024-04-17,,38,CN,Shanghai,CNSHA,NL,Rotterdam,NLRTM,FCL,20' Standard,1,2010
2024-03-04,2024-03-10,2024-04-17,,38,CN,Shanghai,CNSHA,NL,Rotterdam,NLRTM,FCL,40' Standard,1,3785
2024-03-04,2024-03-10,2024-04-17,,38,CN,Shanghai,CNSHA,NL,Rotterdam,NLRTM,FCL,40' High Cube,1,3785
2024-03-04,2024-03-14,2024-04-24,,41,CN,Shanghai,CNSHA,NL,Rotterdam,NLRTM,FCL,20' Standard,1,2010
2024-03-04,2024-03-14,2024-04-24,,41,CN,Shanghai,CNSHA,NL,Rotterdam,NLRTM,FCL,40' Standard,1,3785
2024-03-04,2024-03-14,2024-04-24,,41,CN,Shanghai,CNSHA,NL,Rotterdam,NLRTM,FCL,40' High Cube,1,3785
2024-03-04,2024-03-13,2024-04-22,,40,CN,Shanghai,CNSHA,NL,Rotterdam,NLRTM,FCL,20' Standard,1,2010
2024-03-04,2024-03-13,2024-04-22,,40,CN,Shanghai,CNSHA,NL,Rotterdam,NLRTM,FCL,40' Standard,1,3785
2024-03-04,2024-03-13,2024-04-22,,40,CN,Shanghai,CNSHA,NL,Rotterdam,NLRTM,FCL,40' High Cube,1,3785
2024-03-04,2024-03-03,2024-04-10,Maersk,54,UY,Montevideo,UYMVD,CN,Shidao,CNSHD,FCL,20' Standard,1,1156
2024-03-04,2024-03-03,2024-04-10,Maersk,54,UY,Montevideo,UYMVD,CN,Shidao,CNSHD,FCL,40' Standard,1,941
2024-03-04,2024-03-03,2024-04-10,Maersk,54,UY,Montevideo,UYMVD,CN,Shidao,CNSHD,FCL,40' High Cube,1,941
2024-03-04,2024-03-03,2024-04-07,Maersk,17,TH,Bangkok,THBKK,JP,Shimizu,JPSMZ,FCL,20' Standard,1,348.6027538937136
2024-03-04,2024-03-03,2024-04-07,Maersk,17,TH,Bangkok,THBKK,JP,Shimizu,JPSMZ,FCL,40' Standard,1,415.29742903300996
2024-03-04,2024-03-03,2024-04-07,Maersk,17,TH,Bangkok,THBKK,JP,Shimizu,JPSMZ,FCL,40' High Cube,1,415.29742903300996
2024-03-04,2024-03-03,1970-01-01,COSCO,,CN,Xiamen,CNXMN,CL,Iquique,CLIQQ,FCL,20' Standard,1,2500
2024-03-04,2024-03-03,1970-01-01,COSCO,,CN,Xiamen,CNXMN,CL,Iquique,CLIQQ,FCL,40' Standard,1,3250
2024-03-04,2024-03-03,1970-01-01,COSCO,,CN,Xiamen,CNXMN,CL,Iquique,CLIQQ,FCL,40' High Cube,1,3250
2024-03-04,2024-03-16,2024-04-13,,28,CN,Shanghai,CNSHA,PE,Callao,PECLL,FCL,20' Standard,1,2240
2024-03-04,2024-03-16,2024-04-13,,28,CN,Shanghai,CNSHA,PE,Callao,PECLL,FCL,40' Standard,1,2640
2024-03-04,2024-03-16,2024-04-13,,28,CN,Shanghai,CNSHA,PE,Callao,PECLL,FCL,40' High Cube,1,2640
2024-03-04,2024-03-05,2024-04-06,,32,CN,Shanghai,CNSHA,PE,Callao,PECLL,FCL,20' Standard,1,2240
2024-03-04,2024-03-05,2024-04-06,,32,CN,Shanghai,CNSHA,PE,Callao,PECLL,FCL,40' Standard,1,2640
2024-03-04,2024-03-05,2024-04-06,,32,CN,Shanghai,CNSHA,PE,Callao,PECLL,FCL,40' High Cube,1,2640
2024-03-04,2024-03-08,2024-04-06,,29,CN,Shanghai,CNSHA,PE,Callao,PECLL,FCL,20' Standard,1,2240
2024-03-04,2024-03-08,2024-04-06,,29,CN,Shanghai,CNSHA,PE,Callao,PECLL,FCL,40' Standard,1,2640
2024-03-04,2024-03-08,2024-04-06,,29,CN,Shanghai,CNSHA,PE,Callao,PECLL,FCL,40' High Cube,1,2640
2024-03-04,2024-03-08,2024-04-14,,37,CN,Shanghai,CNSHA,PE,Callao,PECLL,FCL,20' Standard,1,2240
2024-03-04,2024-03-08,2024-04-14,,37,CN,Shanghai,CNSHA,PE,Callao,PECLL,FCL,40' Standard,1,2640
2024-03-04,2024-03-08,2024-04-14,,37,CN,Shanghai,CNSHA,PE,Callao,PECLL,FCL,40' High Cube,1,2640
2024-03-04,2024-03-09,2024-04-17,,39,CN,Shanghai,CNSHA,PE,Callao,PECLL,FCL,20' Standard,1,2240
2024-03-04,2024-03-09,2024-04-17,,39,CN,Shanghai,CNSHA,PE,Callao,PECLL,FCL,40' Standard,1,2640
2024-03-04,2024-03-09,2024-04-17,,39,CN,Shanghai,CNSHA,PE,Callao,PECLL,FCL,40' High Cube,1,2640
2024-03-04,2024-03-15,2024-04-21,,37,CN,Shanghai,CNSHA,PE,Callao,PECLL,FCL,20' Standard,1,2240
2024-03-04,2024-03-15,2024-04-21,,37,CN,Shanghai,CNSHA,PE,Callao,PECLL,FCL,40' Standard,1,2640
2024-03-04,2024-03-15,2024-04-21,,37,CN,Shanghai,CNSHA,PE,Callao,PECLL,FCL,40' High Cube,1,2640
2024-03-04,2024-03-12,2024-04-13,,32,CN,Shanghai,CNSHA,PE,Callao,PECLL,FCL,20' Standard,1,2240
2024-03-04,2024-03-12,2024-04-13,,32,CN,Shanghai,CNSHA,PE,Callao,PECLL,FCL,40' Standard,1,2640
2024-03-04,2024-03-12,2024-04-13,,32,CN,Shanghai,CNSHA,PE,Callao,PECLL,FCL,40' High Cube,1,2640
2024-03-04,2024-03-03,2024-04-06,,34,CN,Shanghai,CNSHA,PE,Callao,PECLL,FCL,20' Standard,1,2228
2024-03-04,2024-03-03,2024-04-06,,34,CN,Shanghai,CNSHA,PE,Callao,PECLL,FCL,40' Standard,1,2428
2024-03-04,2024-03-03,2024-04-06,,34,CN,Shanghai,CNSHA,PE,Callao,PECLL,FCL,40' High Cube,1,2428
2024-03-04,2024-03-05,2024-04-12,,38,CN,Shanghai,CNSHA,PE,Callao,PECLL,FCL,20' Standard,1,2228
2024-03-04,2024-03-05,2024-04-12,,38,CN,Shanghai,CNSHA,PE,Callao,PECLL,FCL,40' Standard,1,2428
2024-03-04,2024-03-05,2024-04-12,,38,CN,Shanghai,CNSHA,PE,Callao,PECLL,FCL,40' High Cube,1,2428
2024-03-04,2024-03-03,2024-03-29,,26,CN,Shanghai,CNSHA,PE,Callao,PECLL,FCL,20' Standard,1,2181
2024-03-04,2024-03-03,2024-03-29,,26,CN,Shanghai,CNSHA,PE,Callao,PECLL,FCL,40' Standard,1,2256
2024-03-04,2024-03-03,2024-03-29,,26,CN,Shanghai,CNSHA,PE,Callao,PECLL,FCL,40' High Cube,1,2256
2024-03-04,2024-03-07,2024-04-13,ONE,37,CN,Shanghai,CNSHA,PE,Callao,PECLL,FCL,20' Standard,1,2190
2024-03-04,2024-03-07,2024-04-13,ONE,37,CN,Shanghai,CNSHA,PE,Callao,PECLL,FCL,40' Standard,1,2690
2024-03-04,2024-03-07,2024-04-13,ONE,37,CN,Shanghai,CNSHA,PE,Callao,PECLL,FCL,40' High Cube,1,2690
2024-03-04,2024-03-05,2024-04-16,ONE,42,CN,Shanghai,CNSHA,PE,Callao,PECLL,FCL,20' Standard,1,2190
2024-03-04,2024-03-05,2024-04-16,ONE,42,CN,Shanghai,CNSHA,PE,Callao,PECLL,FCL,40' Standard,1,2690
2024-03-04,2024-03-05,2024-04-16,ONE,42,CN,Shanghai,CNSHA,PE,Callao,PECLL,FCL,40' High Cube,1,2690
2024-03-04,2024-03-03,2024-04-08,MSC,36,CN,Shanghai,CNSHA,PE,Callao,PECLL,FCL,20' Standard,1,2125
2024-03-04,2024-03-03,2024-04-08,MSC,36,CN,Shanghai,CNSHA,PE,Callao,PECLL,FCL,40' Standard,1,2526
2024-03-04,2024-03-03,2024-04-08,MSC,36,CN,Shanghai,CNSHA,PE,Callao,PECLL,FCL,40' High Cube,1,2526
2024-03-04,2024-03-10,2024-04-17,,38,CN,Shanghai,CNSHA,PE,Callao,PECLL,FCL,20' Standard,1,2128
2024-03-04,2024-03-10,2024-04-17,,38,CN,Shanghai,CNSHA,PE,Callao,PECLL,FCL,40' Standard,1,2428
2024-03-04,2024-03-10,2024-04-17,,38,CN,Shanghai,CNSHA,PE,Callao,PECLL,FCL,40' High Cube,1,2428
2024-03-04,2024-03-12,2024-04-13,,32,CN,Shanghai,CNSHA,PE,Callao,PECLL,FCL,20' Standard,1,2128
2024-03-04,2024-03-12,2024-04-13,,32,CN,Shanghai,CNSHA,PE,Callao,PECLL,FCL,40' Standard,1,2428
2024-03-04,2024-03-12,2024-04-13,,32,CN,Shanghai,CNSHA,PE,Callao,PECLL,FCL,40' High Cube,1,2428
2024-03-04,2024-03-03,2024-03-29,,26,CN,Shanghai,CNSHA,PE,Callao,PECLL,FCL,20' Standard,1,2075
2024-03-04,2024-03-03,2024-03-29,,26,CN,Shanghai,CNSHA,PE,Callao,PECLL,FCL,40' Standard,1,2425
2024-03-04,2024-03-03,2024-03-29,,26,CN,Shanghai,CNSHA,PE,Callao,PECLL,FCL,40' High Cube,1,2425
2024-03-04,2024-03-10,2024-04-16,HMM,37,CN,Shanghai,CNSHA,PE,Callao,PECLL,FCL,20' Standard,1,1952
2024-03-04,2024-03-10,2024-04-16,HMM,37,CN,Shanghai,CNSHA,PE,Callao,PECLL,FCL,40' Standard,1,2692
2024-03-04,2024-03-10,2024-04-16,HMM,37,CN,Shanghai,CNSHA,PE,Callao,PECLL,FCL,40' High Cube,1,2692
2024-03-04,2024-03-11,2024-04-14,HMM,34,CN,Shanghai,CNSHA,PE,Callao,PECLL,FCL,20' Standard,1,1952
2024-03-04,2024-03-11,2024-04-14,HMM,34,CN,Shanghai,CNSHA,PE,Callao,PECLL,FCL,40' Standard,1,2692
2024-03-04,2024-03-11,2024-04-14,HMM,34,CN,Shanghai,CNSHA,PE,Callao,PECLL,FCL,40' High Cube,1,2692
2024-03-04,2024-03-06,2024-04-10,HMM,35,CN,Shanghai,CNSHA,PE,Callao,PECLL,FCL,20' Standard,1,1952
2024-03-04,2024-03-06,2024-04-10,HMM,35,CN,Shanghai,CNSHA,PE,Callao,PECLL,FCL,40' Standard,1,2692
2024-03-04,2024-03-06,2024-04-10,HMM,35,CN,Shanghai,CNSHA,PE,Callao,PECLL,FCL,40' High Cube,1,2692
2024-03-04,2024-03-08,2024-04-13,PIL,36,CN,Shanghai,CNSHA,PE,Callao,PECLL,FCL,20' Standard,1,1925
2024-03-04,2024-03-08,2024-04-13,PIL,36,CN,Shanghai,CNSHA,PE,Callao,PECLL,FCL,40' Standard,1,2125
2024-03-04,2024-03-08,2024-04-13,PIL,36,CN,Shanghai,CNSHA,PE,Callao,PECLL,FCL,40' High Cube,1,2125
2024-03-04,2024-03-09,2024-04-16,PIL,38,CN,Shanghai,CNSHA,PE,Callao,PECLL,FCL,20' Standard,1,1925
2024-03-04,2024-03-09,2024-04-16,PIL,38,CN,Shanghai,CNSHA,PE,Callao,PECLL,FCL,40' Standard,1,2125
2024-03-04,2024-03-09,2024-04-16,PIL,38,CN,Shanghai,CNSHA,PE,Callao,PECLL,FCL,40' High Cube,1,2125
2024-03-04,2024-03-08,2024-04-05,PIL,28,CN,Shanghai,CNSHA,PE,Callao,PECLL,FCL,20' Standard,1,1925
2024-03-04,2024-03-08,2024-04-05,PIL,28,CN,Shanghai,CNSHA,PE,Callao,PECLL,FCL,40' Standard,1,2125
2024-03-04,2024-03-08,2024-04-05,PIL,28,CN,Shanghai,CNSHA,PE,Callao,PECLL,FCL,40' High Cube,1,2125
2024-03-04,2024-03-08,2024-04-13,Maersk,36,CN,Shanghai,CNSHA,PE,Callao,PECLL,FCL,20' Standard,1,1849
2024-03-04,2024-03-08,2024-04-13,Maersk,36,CN,Shanghai,CNSHA,PE,Callao,PECLL,FCL,40' Standard,1,2249
2024-03-04,2024-03-08,2024-04-13,Maersk,36,CN,Shanghai,CNSHA,PE,Callao,PECLL,FCL,40' High Cube,1,2249
2024-03-04,2024-03-05,2024-04-05,,31,CN,Shanghai,CNSHA,PE,Callao,PECLL,FCL,20' Standard,1,1787
2024-03-04,2024-03-05,2024-04-05,,31,CN,Shanghai,CNSHA,PE,Callao,PECLL,FCL,40' Standard,1,2124
2024-03-04,2024-03-05,2024-04-05,,31,CN,Shanghai,CNSHA,PE,Callao,PECLL,FCL,40' High Cube,1,2124
2024-03-04,2024-03-06,2024-04-05,COSCO,30,CN,Shanghai,CNSHA,PE,Callao,PECLL,FCL,20' Standard,1,1702
2024-03-04,2024-03-06,2024-04-05,COSCO,30,CN,Shanghai,CNSHA,PE,Callao,PECLL,FCL,40' Standard,1,2202
2024-03-04,2024-03-06,2024-04-05,COSCO,30,CN,Shanghai,CNSHA,PE,Callao,PECLL,FCL,40' High Cube,1,2202
2024-03-04,2024-03-06,2024-04-05,,30,CN,Shanghai,CNSHA,PE,Callao,PECLL,FCL,20' Standard,1,1681
2024-03-04,2024-03-06,2024-04-05,,30,CN,Shanghai,CNSHA,PE,Callao,PECLL,FCL,40' Standard,1,1956
2024-03-04,2024-03-06,2024-04-05,,30,CN,Shanghai,CNSHA,PE,Callao,PECLL,FCL,40' High Cube,1,1956
2024-03-04,2024-03-09,2024-04-16,,38,CN,Shanghai,CNSHA,PE,Callao,PECLL,FCL,20' Standard,1,1681
2024-03-04,2024-03-09,2024-04-16,,38,CN,Shanghai,CNSHA,PE,Callao,PECLL,FCL,40' Standard,1,1956
2024-03-04,2024-03-09,2024-04-16,,38,CN,Shanghai,CNSHA,PE,Callao,PECLL,FCL,40' High Cube,1,1956
2024-03-04,2024-03-08,2024-04-05,,28,CN,Shanghai,CNSHA,PE,Callao,PECLL,FCL,20' Standard,1,1681
2024-03-04,2024-03-08,2024-04-05,,28,CN,Shanghai,CNSHA,PE,Callao,PECLL,FCL,40' Standard,1,1956
2024-03-04,2024-03-08,2024-04-05,,28,CN,Shanghai,CNSHA,PE,Callao,PECLL,FCL,40' High Cube,1,1956
2024-03-04,2024-03-12,2024-04-12,COSCO,31,CN,Shanghai,CNSHA,PE,Callao,PECLL,FCL,20' Standard,1,2165
2024-03-04,2024-03-12,2024-04-12,COSCO,31,CN,Shanghai,CNSHA,PE,Callao,PECLL,FCL,40' Standard,1,2425
2024-03-04,2024-03-12,2024-04-12,COSCO,31,CN,Shanghai,CNSHA,PE,Callao,PECLL,FCL,40' High Cube,1,2425
2024-03-04,2024-03-11,2024-04-13,COSCO,33,CN,Shanghai,CNSHA,PE,Callao,PECLL,FCL,20' Standard,1,2165
2024-03-04,2024-03-11,2024-04-13,COSCO,33,CN,Shanghai,CNSHA,PE,Callao,PECLL,FCL,40' Standard,1,2425
2024-03-04,2024-03-11,2024-04-13,COSCO,33,CN,Shanghai,CNSHA,PE,Callao,PECLL,FCL,40' High Cube,1,2425
2024-03-04,2024-03-16,2024-04-12,PIL,27,CN,Shanghai,CNSHA,PE,Callao,PECLL,FCL,20' Standard,1,1625
2024-03-04,2024-03-16,2024-04-12,PIL,27,CN,Shanghai,CNSHA,PE,Callao,PECLL,FCL,40' Standard,1,1925
2024-03-04,2024-03-16,2024-04-12,PIL,27,CN,Shanghai,CNSHA,PE,Callao,PECLL,FCL,40' High Cube,1,1925
2024-03-04,2024-03-16,2024-04-23,PIL,38,CN,Shanghai,CNSHA,PE,Callao,PECLL,FCL,20' Standard,1,1625
2024-03-04,2024-03-16,2024-04-23,PIL,38,CN,Shanghai,CNSHA,PE,Callao,PECLL,FCL,40' Standard,1,1925
2024-03-04,2024-03-16,2024-04-23,PIL,38,CN,Shanghai,CNSHA,PE,Callao,PECLL,FCL,40' High Cube,1,1925
2024-03-04,2024-03-12,2024-04-12,,31,CN,Shanghai,CNSHA,PE,Callao,PECLL,FCL,20' Standard,1,1637
2024-03-04,2024-03-12,2024-04-12,,31,CN,Shanghai,CNSHA,PE,Callao,PECLL,FCL,40' Standard,1,1948
2024-03-04,2024-03-12,2024-04-12,,31,CN,Shanghai,CNSHA,PE,Callao,PECLL,FCL,40' High Cube,1,1948
2024-03-04,2024-03-06,2024-04-05,,30,CN,Shanghai,CNSHA,PE,Callao,PECLL,FCL,20' Standard,1,1637
2024-03-04,2024-03-06,2024-04-05,,30,CN,Shanghai,CNSHA,PE,Callao,PECLL,FCL,40' Standard,1,1948
2024-03-04,2024-03-06,2024-04-05,,30,CN,Shanghai,CNSHA,PE,Callao,PECLL,FCL,40' High Cube,1,1948
2024-03-04,2024-03-12,2024-04-13,,32,CN,Shanghai,CNSHA,PE,Callao,PECLL,FCL,20' Standard,1,1637
2024-03-04,2024-03-12,2024-04-13,,32,CN,Shanghai,CNSHA,PE,Callao,PECLL,FCL,40' Standard,1,1948
2024-03-04,2024-03-12,2024-04-13,,32,CN,Shanghai,CNSHA,PE,Callao,PECLL,FCL,40' High Cube,1,1948
2024-03-04,2024-03-09,2024-04-16,,38,CN,Shanghai,CNSHA,PE,Callao,PECLL,FCL,20' Standard,1,1637
2024-03-04,2024-03-09,2024-04-16,,38,CN,Shanghai,CNSHA,PE,Callao,PECLL,FCL,40' Standard,1,1948
2024-03-04,2024-03-09,2024-04-16,,38,CN,Shanghai,CNSHA,PE,Callao,PECLL,FCL,40' High Cube,1,1948
2024-03-04,2024-03-09,2024-04-16,OOCL,38,CN,Shanghai,CNSHA,PE,Callao,PECLL,FCL,20' Standard,1,1635
2024-03-04,2024-03-09,2024-04-16,OOCL,38,CN,Shanghai,CNSHA,PE,Callao,PECLL,FCL,40' Standard,1,2135
2024-03-04,2024-03-09,2024-04-16,OOCL,38,CN,Shanghai,CNSHA,PE,Callao,PECLL,FCL,40' High Cube,1,2135
2024-03-04,2024-03-16,2024-04-20,OOCL,35,CN,Shanghai,CNSHA,PE,Callao,PECLL,FCL,20' Standard,1,1635
2024-03-04,2024-03-16,2024-04-20,OOCL,35,CN,Shanghai,CNSHA,PE,Callao,PECLL,FCL,40' Standard,1,2135
2024-03-04,2024-03-16,2024-04-20,OOCL,35,CN,Shanghai,CNSHA,PE,Callao,PECLL,FCL,40' High Cube,1,2135
2024-03-04,2024-03-11,2024-04-13,OOCL,33,CN,Shanghai,CNSHA,PE,Callao,PECLL,FCL,20' Standard,1,1635
2024-03-04,2024-03-11,2024-04-13,OOCL,33,CN,Shanghai,CNSHA,PE,Callao,PECLL,FCL,40' Standard,1,2135
2024-03-04,2024-03-11,2024-04-13,OOCL,33,CN,Shanghai,CNSHA,PE,Callao,PECLL,FCL,40' High Cube,1,2135
2024-03-04,2024-03-12,2024-04-12,OOCL,31,CN,Shanghai,CNSHA,PE,Callao,PECLL,FCL,20' Standard,1,1635
2024-03-04,2024-03-12,2024-04-12,OOCL,31,CN,Shanghai,CNSHA,PE,Callao,PECLL,FCL,40' Standard,1,2135
2024-03-04,2024-03-12,2024-04-12,OOCL,31,CN,Shanghai,CNSHA,PE,Callao,PECLL,FCL,40' High Cube,1,2135
2024-03-04,2024-03-15,2024-04-12,COSCO,28,CN,Shanghai,CNSHA,PE,Callao,PECLL,FCL,20' Standard,1,1612
2024-03-04,2024-03-15,2024-04-12,COSCO,28,CN,Shanghai,CNSHA,PE,Callao,PECLL,FCL,40' Standard,1,1912
2024-03-04,2024-03-15,2024-04-12,COSCO,28,CN,Shanghai,CNSHA,PE,Callao,PECLL,FCL,40' High Cube,1,1912
2024-03-04,2024-03-12,2024-04-12,COSCO,31,CN,Shanghai,CNSHA,PE,Callao,PECLL,FCL,20' Standard,1,1612
2024-03-04,2024-03-12,2024-04-12,COSCO,31,CN,Shanghai,CNSHA,PE,Callao,PECLL,FCL,40' Standard,1,1912
2024-03-04,2024-03-12,2024-04-12,COSCO,31,CN,Shanghai,CNSHA,PE,Callao,PECLL,FCL,40' High Cube,1,1912
2024-03-04,2024-03-08,2024-04-05,COSCO,28,CN,Shanghai,CNSHA,PE,Callao,PECLL,FCL,20' Standard,1,1612
2024-03-04,2024-03-08,2024-04-05,COSCO,28,CN,Shanghai,CNSHA,PE,Callao,PECLL,FCL,40' Standard,1,1962
2024-03-04,2024-03-08,2024-04-05,COSCO,28,CN,Shanghai,CNSHA,PE,Callao,PECLL,FCL,40' High Cube,1,1962
2024-03-04,2024-03-09,2024-04-16,COSCO,38,CN,Shanghai,CNSHA,PE,Callao,PECLL,FCL,20' Standard,1,1612
2024-03-04,2024-03-09,2024-04-16,COSCO,38,CN,Shanghai,CNSHA,PE,Callao,PECLL,FCL,40' Standard,1,1962
2024-03-04,2024-03-09,2024-04-16,COSCO,38,CN,Shanghai,CNSHA,PE,Callao,PECLL,FCL,40' High Cube,1,1962
2024-03-04,2024-03-16,2024-04-20,COSCO,35,CN,Shanghai,CNSHA,PE,Callao,PECLL,FCL,20' Standard,1,1612
2024-03-04,2024-03-16,2024-04-20,COSCO,35,CN,Shanghai,CNSHA,PE,Callao,PECLL,FCL,40' Standard,1,1912
2024-03-04,2024-03-16,2024-04-20,COSCO,35,CN,Shanghai,CNSHA,PE,Callao,PECLL,FCL,40' High Cube,1,1912
2024-03-04,2024-03-16,2024-04-23,COSCO,38,CN,Shanghai,CNSHA,PE,Callao,PECLL,FCL,20' Standard,1,1612
2024-03-04,2024-03-16,2024-04-23,COSCO,38,CN,Shanghai,CNSHA,PE,Callao,PECLL,FCL,40' Standard,1,1912
2024-03-04,2024-03-16,2024-04-23,COSCO,38,CN,Shanghai,CNSHA,PE,Callao,PECLL,FCL,40' High Cube,1,1912
2024-03-04,2024-03-12,2024-04-12,,31,CN,Shanghai,CNSHA,PE,Callao,PECLL,FCL,20' Standard,1,1581
2024-03-04,2024-03-12,2024-04-12,,31,CN,Shanghai,CNSHA,PE,Callao,PECLL,FCL,40' Standard,1,1756
2024-03-04,2024-03-12,2024-04-12,,31,CN,Shanghai,CNSHA,PE,Callao,PECLL,FCL,40' High Cube,1,1756
2024-03-04,2024-03-11,2024-04-13,,33,CN,Shanghai,CNSHA,PE,Callao,PECLL,FCL,20' Standard,1,1581
2024-03-04,2024-03-11,2024-04-13,,33,CN,Shanghai,CNSHA,PE,Callao,PECLL,FCL,40' Standard,1,1756
2024-03-04,2024-03-11,2024-04-13,,33,CN,Shanghai,CNSHA,PE,Callao,PECLL,FCL,40' High Cube,1,1756
2024-03-04,2024-03-16,2024-04-23,,38,CN,Shanghai,CNSHA,PE,Callao,PECLL,FCL,20' Standard,1,1581
2024-03-04,2024-03-16,2024-04-23,,38,CN,Shanghai,CNSHA,PE,Callao,PECLL,FCL,40' Standard,1,1756
2024-03-04,2024-03-16,2024-04-23,,38,CN,Shanghai,CNSHA,PE,Callao,PECLL,FCL,40' High Cube,1,1756
2024-03-04,2024-03-16,2024-04-20,,35,CN,Shanghai,CNSHA,PE,Callao,PECLL,FCL,20' Standard,1,1581
2024-03-04,2024-03-16,2024-04-20,,35,CN,Shanghai,CNSHA,PE,Callao,PECLL,FCL,40' Standard,1,1756
2024-03-04,2024-03-16,2024-04-20,,35,CN,Shanghai,CNSHA,PE,Callao,PECLL,FCL,40' High Cube,1,1756
2024-03-04,2024-03-16,2024-04-12,,27,CN,Shanghai,CNSHA,PE,Callao,PECLL,FCL,20' Standard,1,1581
2024-03-04,2024-03-16,2024-04-12,,27,CN,Shanghai,CNSHA,PE,Callao,PECLL,FCL,40' Standard,1,1756
2024-03-04,2024-03-16,2024-04-12,,27,CN,Shanghai,CNSHA,PE,Callao,PECLL,FCL,40' High Cube,1,1756
2024-03-04,2024-03-08,2024-04-05,,28,CN,Shanghai,CNSHA,PE,Callao,PECLL,FCL,20' Standard,1,1575
2024-03-04,2024-03-08,2024-04-05,,28,CN,Shanghai,CNSHA,PE,Callao,PECLL,FCL,40' Standard,1,1825
2024-03-04,2024-03-08,2024-04-05,,28,CN,Shanghai,CNSHA,PE,Callao,PECLL,FCL,40' High Cube,1,1825
2024-03-04,2024-03-08,2024-04-13,,36,CN,Shanghai,CNSHA,PE,Callao,PECLL,FCL,20' Standard,1,1575
2024-03-04,2024-03-08,2024-04-13,,36,CN,Shanghai,CNSHA,PE,Callao,PECLL,FCL,40' Standard,1,1825
2024-03-04,2024-03-08,2024-04-13,,36,CN,Shanghai,CNSHA,PE,Callao,PECLL,FCL,40' High Cube,1,1825
2024-03-04,2024-03-16,2024-04-23,,38,CN,Shanghai,CNSHA,PE,Callao,PECLL,FCL,20' Standard,1,1587
2024-03-04,2024-03-16,2024-04-23,,38,CN,Shanghai,CNSHA,PE,Callao,PECLL,FCL,40' Standard,1,1848
2024-03-04,2024-03-16,2024-04-23,,38,CN,Shanghai,CNSHA,PE,Callao,PECLL,FCL,40' High Cube,1,1848
2024-03-04,2024-03-16,2024-04-20,,35,CN,Shanghai,CNSHA,PE,Callao,PECLL,FCL,20' Standard,1,1587
2024-03-04,2024-03-16,2024-04-20,,35,CN,Shanghai,CNSHA,PE,Callao,PECLL,FCL,40' Standard,1,1848
2024-03-04,2024-03-16,2024-04-20,,35,CN,Shanghai,CNSHA,PE,Callao,PECLL,FCL,40' High Cube,1,1848
2024-03-04,2024-03-11,2024-04-11,ZIM,31,CN,Shanghai,CNSHA,PE,Callao,PECLL,FCL,20' Standard,1,1575
2024-03-04,2024-03-11,2024-04-11,ZIM,31,CN,Shanghai,CNSHA,PE,Callao,PECLL,FCL,40' Standard,1,1835
2024-03-04,2024-03-11,2024-04-11,ZIM,31,CN,Shanghai,CNSHA,PE,Callao,PECLL,FCL,40' High Cube,1,1835
2024-03-04,2024-03-03,2024-03-20,Maersk,73,BD,Dhaka,BDDAC,CA,Halifax,CAHAL,FCL,20' Standard,1,7544
2024-03-04,2024-03-03,2024-03-20,Maersk,73,BD,Dhaka,BDDAC,CA,Halifax,CAHAL,FCL,40' Standard,1,8589
2024-03-04,2024-03-03,2024-03-20,Maersk,73,BD,Dhaka,BDDAC,CA,Halifax,CAHAL,FCL,40' High Cube,1,8589
2024-03-04,2024-03-10,2024-04-03,ONE,24,CN,Shekou,CNSHK,IL,Ashdod,ILASH,FCL,20' Standard,1,3661
2024-03-04,2024-03-10,2024-04-03,ONE,24,CN,Shekou,CNSHK,IL,Ashdod,ILASH,FCL,40' Standard,1,4707
2024-03-04,2024-03-10,2024-04-03,ONE,24,CN,Shekou,CNSHK,IL,Ashdod,ILASH,FCL,40' High Cube,1,4707
2024-03-04,2024-03-03,2024-04-06,Maersk,63,US,Indianapolis,USIND,CN,Wuhan,CNWUH,FCL,20' Standard,1,2454
2024-03-04,2024-03-03,2024-04-06,Maersk,63,US,Indianapolis,USIND,CN,Wuhan,CNWUH,FCL,40' Standard,1,3291
2024-03-04,2024-03-03,2024-04-06,Maersk,63,US,Indianapolis,USIND,CN,Wuhan,CNWUH,FCL,40' High Cube,1,3291
2024-03-04,2024-03-03,2024-04-06,Maersk,31,FR,Fos Sur Mer,FRFOS,ZA,Coega,ZAZBA,FCL,20' Standard,1,1222
2024-03-04,2024-03-03,2024-04-06,Maersk,31,FR,Fos Sur Mer,FRFOS,ZA,Coega,ZAZBA,FCL,40' Standard,1,2200
2024-03-04,2024-03-03,2024-04-06,Maersk,31,FR,Fos Sur Mer,FRFOS,ZA,Coega,ZAZBA,FCL,40' High Cube,1,2200
2024-03-04,2024-03-06,2024-04-13,,38,CN,Qingdao,CNTAO,BR,Paranagua,BRPNG,FCL,20' Standard,1,3037
2024-03-04,2024-03-06,2024-04-13,,38,CN,Qingdao,CNTAO,BR,Paranagua,BRPNG,FCL,40' Standard,1,3048
2024-03-04,2024-03-06,2024-04-13,,38,CN,Qingdao,CNTAO,BR,Paranagua,BRPNG,FCL,40' High Cube,1,3048
2024-03-04,2024-03-06,2024-04-14,COSCO,39,CN,Qingdao,CNTAO,BR,Paranagua,BRPNG,FCL,20' Standard,1,2935
2024-03-04,2024-03-06,2024-04-14,COSCO,39,CN,Qingdao,CNTAO,BR,Paranagua,BRPNG,FCL,40' Standard,1,3085
2024-03-04,2024-03-06,2024-04-14,COSCO,39,CN,Qingdao,CNTAO,BR,Paranagua,BRPNG,FCL,40' High Cube,1,3085
2024-03-04,2024-03-13,2024-04-20,,38,CN,Qingdao,CNTAO,BR,Paranagua,BRPNG,FCL,20' Standard,1,2837
2024-03-04,2024-03-13,2024-04-20,,38,CN,Qingdao,CNTAO,BR,Paranagua,BRPNG,FCL,40' Standard,1,2848
2024-03-04,2024-03-13,2024-04-20,,38,CN,Qingdao,CNTAO,BR,Paranagua,BRPNG,FCL,40' High Cube,1,2848
2024-03-04,2024-03-15,2024-04-19,OOCL,35,CN,Qingdao,CNTAO,BR,Paranagua,BRPNG,FCL,20' Standard,1,2685
2024-03-04,2024-03-15,2024-04-19,OOCL,35,CN,Qingdao,CNTAO,BR,Paranagua,BRPNG,FCL,40' Standard,1,2885
2024-03-04,2024-03-15,2024-04-19,OOCL,35,CN,Qingdao,CNTAO,BR,Paranagua,BRPNG,FCL,40' High Cube,1,2885
2024-03-04,2024-03-10,2024-04-12,OOCL,33,CN,Qingdao,CNTAO,BR,Paranagua,BRPNG,FCL,20' Standard,1,2685
2024-03-04,2024-03-10,2024-04-12,OOCL,33,CN,Qingdao,CNTAO,BR,Paranagua,BRPNG,FCL,40' Standard,1,2885
2024-03-04,2024-03-10,2024-04-12,OOCL,33,CN,Qingdao,CNTAO,BR,Paranagua,BRPNG,FCL,40' High Cube,1,2885
2024-03-04,2024-03-09,2024-04-14,OOCL,36,CN,Qingdao,CNTAO,BR,Paranagua,BRPNG,FCL,20' Standard,1,2685
2024-03-04,2024-03-09,2024-04-14,OOCL,36,CN,Qingdao,CNTAO,BR,Paranagua,BRPNG,FCL,40' Standard,1,2885
2024-03-04,2024-03-09,2024-04-14,OOCL,36,CN,Qingdao,CNTAO,BR,Paranagua,BRPNG,FCL,40' High Cube,1,2885
2024-03-04,2024-03-03,2024-04-13,Maersk,56,GE,Poti,GEPTI,EC,Posorja,ECPSJ,FCL,20' Standard,1,1777
2024-03-04,2024-03-03,2024-04-13,Maersk,56,GE,Poti,GEPTI,EC,Posorja,ECPSJ,FCL,40' Standard,1,3047
2024-03-04,2024-03-03,2024-04-13,Maersk,56,GE,Poti,GEPTI,EC,Posorja,ECPSJ,FCL,40' High Cube,1,3047
2024-03-04,2024-03-03,2024-03-31,Maersk,20,MY,Pasir Gudang,MYPGU,CN,Xiamen,CNXMN,FCL,20' Standard,1,112
2024-03-04,2024-03-03,2024-03-31,Maersk,20,MY,Pasir Gudang,MYPGU,CN,Xiamen,CNXMN,FCL,40' Standard,1,80
2024-03-04,2024-03-03,2024-03-31,Maersk,20,MY,Pasir Gudang,MYPGU,CN,Xiamen,CNXMN,FCL,40' High Cube,1,80
2024-03-04,2024-03-03,2024-04-06,Maersk,39,CL,Iquique,CLIQQ,MX,Veracruz,MXVER,FCL,20' Standard,1,1735
2024-03-04,2024-03-03,2024-04-06,Maersk,39,CL,Iquique,CLIQQ,MX,Veracruz,MXVER,FCL,40' Standard,1,1954
2024-03-04,2024-03-03,2024-04-06,Maersk,39,CL,Iquique,CLIQQ,MX,Veracruz,MXVER,FCL,40' High Cube,1,1954
2024-03-04,2024-03-03,2024-03-28,Maersk,65,ES,Barcelona,ESBCN,BD,Dhaka,BDDAC,FCL,20' Standard,1,3053
2024-03-04,2024-03-03,2024-03-28,Maersk,65,ES,Barcelona,ESBCN,BD,Dhaka,BDDAC,FCL,40' Standard,1,4009
2024-03-04,2024-03-03,2024-03-28,Maersk,65,ES,Barcelona,ESBCN,BD,Dhaka,BDDAC,FCL,40' High Cube,1,4009
2024-03-04,2024-03-07,1970-01-01,COSCO,,CN,Shekou,CNSHK,BR,Itajai,BRITJ,FCL,20' Standard,1,2735
2024-03-04,2024-03-07,1970-01-01,COSCO,,CN,Shekou,CNSHK,BR,Itajai,BRITJ,FCL,40' Standard,1,2885
2024-03-04,2024-03-07,1970-01-01,COSCO,,CN,Shekou,CNSHK,BR,Itajai,BRITJ,FCL,40' High Cube,1,2885
2024-03-04,2024-03-14,2024-03-31,PIL,17,CN,Nansha,CNNSA,SA,Dammam,SADMM,FCL,20' Standard,1,2450
2024-03-04,2024-03-14,2024-03-31,PIL,17,CN,Nansha,CNNSA,SA,Dammam,SADMM,FCL,40' Standard,1,3300
2024-03-04,2024-03-14,2024-03-31,PIL,17,CN,Nansha,CNNSA,SA,Dammam,SADMM,FCL,40' High Cube,1,3250
2024-03-04,2024-03-28,2024-04-19,,22,CN,Nansha,CNNSA,SA,Dammam,SADMM,FCL,20' Standard,1,2464
2024-03-04,2024-03-28,2024-04-19,,22,CN,Nansha,CNNSA,SA,Dammam,SADMM,FCL,40' Standard,1,3314
2024-03-04,2024-03-28,2024-04-19,,22,CN,Nansha,CNNSA,SA,Dammam,SADMM,FCL,40' High Cube,1,3264
2024-03-04,2024-03-10,2024-03-30,PIL,20,CN,Nansha,CNNSA,SA,Dammam,SADMM,FCL,20' Standard,1,2450
2024-03-04,2024-03-10,2024-03-30,PIL,20,CN,Nansha,CNNSA,SA,Dammam,SADMM,FCL,40' Standard,1,3300
2024-03-04,2024-03-10,2024-03-30,PIL,20,CN,Nansha,CNNSA,SA,Dammam,SADMM,FCL,40' High Cube,1,3250
2024-03-04,2024-03-23,2024-04-13,PIL,21,CN,Nansha,CNNSA,SA,Dammam,SADMM,FCL,20' Standard,1,2450
2024-03-04,2024-03-23,2024-04-13,PIL,21,CN,Nansha,CNNSA,SA,Dammam,SADMM,FCL,40' Standard,1,3300
2024-03-04,2024-03-23,2024-04-13,PIL,21,CN,Nansha,CNNSA,SA,Dammam,SADMM,FCL,40' High Cube,1,3250
2024-03-04,2024-03-08,2024-03-30,,22,CN,Nansha,CNNSA,SA,Dammam,SADMM,FCL,20' Standard,1,2464
2024-03-04,2024-03-08,2024-03-30,,22,CN,Nansha,CNNSA,SA,Dammam,SADMM,FCL,40' Standard,1,3314
2024-03-04,2024-03-08,2024-03-30,,22,CN,Nansha,CNNSA,SA,Dammam,SADMM,FCL,40' High Cube,1,3264
2024-03-04,2024-03-24,2024-04-13,,20,CN,Nansha,CNNSA,SA,Dammam,SADMM,FCL,20' Standard,1,2464
2024-03-04,2024-03-24,2024-04-13,,20,CN,Nansha,CNNSA,SA,Dammam,SADMM,FCL,40' Standard,1,3314
2024-03-04,2024-03-24,2024-04-13,,20,CN,Nansha,CNNSA,SA,Dammam,SADMM,FCL,40' High Cube,1,3264
2024-03-04,2024-03-17,2024-04-07,,21,CN,Nansha,CNNSA,SA,Dammam,SADMM,FCL,20' Standard,1,2464
2024-03-04,2024-03-17,2024-04-07,,21,CN,Nansha,CNNSA,SA,Dammam,SADMM,FCL,40' Standard,1,3314
2024-03-04,2024-03-17,2024-04-07,,21,CN,Nansha,CNNSA,SA,Dammam,SADMM,FCL,40' High Cube,1,3264
2024-03-04,2024-03-10,2024-03-30,RCL,20,CN,Nansha,CNNSA,SA,Dammam,SADMM,FCL,20' Standard,1,2450
2024-03-04,2024-03-10,2024-03-30,RCL,20,CN,Nansha,CNNSA,SA,Dammam,SADMM,FCL,40' Standard,1,3300
2024-03-04,2024-03-10,2024-03-30,RCL,20,CN,Nansha,CNNSA,SA,Dammam,SADMM,FCL,40' High Cube,1,3250
2024-03-04,2024-03-18,2024-04-07,RCL,20,CN,Nansha,CNNSA,SA,Dammam,SADMM,FCL,20' Standard,1,2450
2024-03-04,2024-03-18,2024-04-07,RCL,20,CN,Nansha,CNNSA,SA,Dammam,SADMM,FCL,40' Standard,1,3300
2024-03-04,2024-03-18,2024-04-07,RCL,20,CN,Nansha,CNNSA,SA,Dammam,SADMM,FCL,40' High Cube,1,3250
2024-03-04,2024-03-06,2024-03-23,COSCO,17,CN,Nansha,CNNSA,SA,Dammam,SADMM,FCL,20' Standard,1,2450
2024-03-04,2024-03-06,2024-03-23,COSCO,17,CN,Nansha,CNNSA,SA,Dammam,SADMM,FCL,40' Standard,1,3300
2024-03-04,2024-03-06,2024-03-23,COSCO,17,CN,Nansha,CNNSA,SA,Dammam,SADMM,FCL,40' High Cube,1,3250
2024-03-04,2024-03-06,2024-03-29,,23,CN,Ningbo,CNNGB,GT,Puerto Quetzal,GTPRQ,FCL,20' Standard,1,3200
2024-03-04,2024-03-06,2024-03-29,,23,CN,Ningbo,CNNGB,GT,Puerto Quetzal,GTPRQ,FCL,40' Standard,1,3850
2024-03-04,2024-03-06,2024-03-29,,23,CN,Ningbo,CNNGB,GT,Puerto Quetzal,GTPRQ,FCL,40' High Cube,1,3850
2024-03-04,2024-03-06,2024-03-29,,23,CN,Ningbo,CNNGB,GT,Puerto Quetzal,GTPRQ,FCL,20' Standard,1,3200
2024-03-04,2024-03-06,2024-03-29,,23,CN,Ningbo,CNNGB,GT,Puerto Quetzal,GTPRQ,FCL,40' Standard,1,3850
2024-03-04,2024-03-06,2024-03-29,,23,CN,Ningbo,CNNGB,GT,Puerto Quetzal,GTPRQ,FCL,40' High Cube,1,3850
2024-03-04,2024-03-05,2024-03-28,,23,CN,Ningbo,CNNGB,GT,Puerto Quetzal,GTPRQ,FCL,20' Standard,1,3200
2024-03-04,2024-03-05,2024-03-28,,23,CN,Ningbo,CNNGB,GT,Puerto Quetzal,GTPRQ,FCL,40' Standard,1,3850
2024-03-04,2024-03-05,2024-03-28,,23,CN,Ningbo,CNNGB,GT,Puerto Quetzal,GTPRQ,FCL,40' High Cube,1,3850
2024-03-04,2024-03-06,2024-03-29,,23,CN,Ningbo,CNNGB,GT,Puerto Quetzal,GTPRQ,FCL,20' Standard,1,2850
2024-03-04,2024-03-06,2024-03-29,,23,CN,Ningbo,CNNGB,GT,Puerto Quetzal,GTPRQ,FCL,40' Standard,1,2950
2024-03-04,2024-03-06,2024-03-29,,23,CN,Ningbo,CNNGB,GT,Puerto Quetzal,GTPRQ,FCL,40' High Cube,1,2950
2024-03-04,2024-03-06,2024-03-29,PIL,23,CN,Ningbo,CNNGB,GT,Puerto Quetzal,GTPRQ,FCL,20' Standard,1,2550
2024-03-04,2024-03-06,2024-03-29,PIL,23,CN,Ningbo,CNNGB,GT,Puerto Quetzal,GTPRQ,FCL,40' Standard,1,2750
2024-03-04,2024-03-06,2024-03-29,PIL,23,CN,Ningbo,CNNGB,GT,Puerto Quetzal,GTPRQ,FCL,40' High Cube,1,2750
2024-03-04,2024-03-13,2024-04-11,,29,CN,Ningbo,CNNGB,GT,Puerto Quetzal,GTPRQ,FCL,20' Standard,1,2550
2024-03-04,2024-03-13,2024-04-11,,29,CN,Ningbo,CNNGB,GT,Puerto Quetzal,GTPRQ,FCL,40' Standard,1,2650
2024-03-04,2024-03-13,2024-04-11,,29,CN,Ningbo,CNNGB,GT,Puerto Quetzal,GTPRQ,FCL,40' High Cube,1,2650
2024-03-04,2024-03-06,2024-03-29,PIL,23,CN,Ningbo,CNNGB,GT,Puerto Quetzal,GTPRQ,FCL,20' Standard,1,2550
2024-03-04,2024-03-06,2024-03-29,PIL,23,CN,Ningbo,CNNGB,GT,Puerto Quetzal,GTPRQ,FCL,40' Standard,1,2750
2024-03-04,2024-03-06,2024-03-29,PIL,23,CN,Ningbo,CNNGB,GT,Puerto Quetzal,GTPRQ,FCL,40' High Cube,1,2750
2024-03-04,2024-03-07,2024-03-29,PIL,22,CN,Ningbo,CNNGB,GT,Puerto Quetzal,GTPRQ,FCL,20' Standard,1,2200
2024-03-04,2024-03-07,2024-03-29,PIL,22,CN,Ningbo,CNNGB,GT,Puerto Quetzal,GTPRQ,FCL,40' Standard,1,2500
2024-03-04,2024-03-07,2024-03-29,PIL,22,CN,Ningbo,CNNGB,GT,Puerto Quetzal,GTPRQ,FCL,40' High Cube,1,2500
2024-03-04,2024-03-07,2024-03-29,PIL,22,CN,Ningbo,CNNGB,GT,Puerto Quetzal,GTPRQ,FCL,20' Standard,1,2200
2024-03-04,2024-03-07,2024-03-29,PIL,22,CN,Ningbo,CNNGB,GT,Puerto Quetzal,GTPRQ,FCL,40' Standard,1,2500
2024-03-04,2024-03-07,2024-03-29,PIL,22,CN,Ningbo,CNNGB,GT,Puerto Quetzal,GTPRQ,FCL,40' High Cube,1,2500
2024-03-04,2024-03-06,2024-03-29,COSCO,23,CN,Ningbo,CNNGB,GT,Puerto Quetzal,GTPRQ,FCL,20' Standard,1,2100
2024-03-04,2024-03-06,2024-03-29,COSCO,23,CN,Ningbo,CNNGB,GT,Puerto Quetzal,GTPRQ,FCL,40' Standard,1,2600
2024-03-04,2024-03-06,2024-03-29,COSCO,23,CN,Ningbo,CNNGB,GT,Puerto Quetzal,GTPRQ,FCL,40' High Cube,1,2600
2024-03-04,2024-03-13,2024-04-05,COSCO,23,CN,Ningbo,CNNGB,GT,Puerto Quetzal,GTPRQ,FCL,20' Standard,1,2100
2024-03-04,2024-03-13,2024-04-05,COSCO,23,CN,Ningbo,CNNGB,GT,Puerto Quetzal,GTPRQ,FCL,40' Standard,1,2500
2024-03-04,2024-03-13,2024-04-05,COSCO,23,CN,Ningbo,CNNGB,GT,Puerto Quetzal,GTPRQ,FCL,40' High Cube,1,2500
2024-03-04,2024-03-07,2024-03-28,PIL,21,CN,Ningbo,CNNGB,AE,Jebel Ali,AEJEA,FCL,20' Standard,1,1710
2024-03-04,2024-03-07,2024-03-28,PIL,21,CN,Ningbo,CNNGB,AE,Jebel Ali,AEJEA,FCL,40' Standard,1,2410
2024-03-04,2024-03-07,2024-03-28,PIL,21,CN,Ningbo,CNNGB,AE,Jebel Ali,AEJEA,FCL,40' High Cube,1,2410
2024-03-04,2024-03-06,2024-03-25,KMTC,19,CN,Ningbo,CNNGB,AE,Jebel Ali,AEJEA,FCL,20' Standard,1,1600
2024-03-04,2024-03-06,2024-03-25,KMTC,19,CN,Ningbo,CNNGB,AE,Jebel Ali,AEJEA,FCL,40' Standard,1,2100
2024-03-04,2024-03-06,2024-03-25,KMTC,19,CN,Ningbo,CNNGB,AE,Jebel Ali,AEJEA,FCL,40' High Cube,1,2100
2024-03-04,2024-03-10,2024-03-27,,17,CN,Ningbo,CNNGB,AE,Jebel Ali,AEJEA,FCL,20' Standard,1,1575
2024-03-04,2024-03-10,2024-03-27,,17,CN,Ningbo,CNNGB,AE,Jebel Ali,AEJEA,FCL,40' Standard,1,2050
2024-03-04,2024-03-10,2024-03-27,,17,CN,Ningbo,CNNGB,AE,Jebel Ali,AEJEA,FCL,40' High Cube,1,2050
2024-03-04,2024-03-03,2024-03-19,,16,CN,Ningbo,CNNGB,AE,Jebel Ali,AEJEA,FCL,20' Standard,1,1575
2024-03-04,2024-03-03,2024-03-19,,16,CN,Ningbo,CNNGB,AE,Jebel Ali,AEJEA,FCL,40' Standard,1,2050
2024-03-04,2024-03-03,2024-03-19,,16,CN,Ningbo,CNNGB,AE,Jebel Ali,AEJEA,FCL,40' High Cube,1,2050
2024-03-04,2024-03-05,2024-04-21,,47,CN,Yantian,CNYTN,CL,San Antonio,CLSAI,FCL,20' Standard,1,1900
2024-03-04,2024-03-05,2024-04-21,,47,CN,Yantian,CNYTN,CL,San Antonio,CLSAI,FCL,40' Standard,1,2400
2024-03-04,2024-03-05,2024-04-21,,47,CN,Yantian,CNYTN,CL,San Antonio,CLSAI,FCL,40' High Cube,1,2400
2024-03-04,2024-03-04,2024-04-16,COSCO,43,CN,Xiamen,CNXMN,PE,Callao,PECLL,FCL,20' Standard,1,2150
2024-03-04,2024-03-04,2024-04-16,COSCO,43,CN,Xiamen,CNXMN,PE,Callao,PECLL,FCL,40' Standard,1,2700
2024-03-04,2024-03-04,2024-04-16,COSCO,43,CN,Xiamen,CNXMN,PE,Callao,PECLL,FCL,40' High Cube,1,2700
2024-03-04,2024-03-03,1970-01-01,,,CN,Xiamen,CNXMN,PE,Callao,PECLL,FCL,20' Standard,1,2165
2024-03-04,2024-03-03,1970-01-01,,,CN,Xiamen,CNXMN,PE,Callao,PECLL,FCL,40' Standard,1,2665
2024-03-04,2024-03-03,1970-01-01,,,CN,Xiamen,CNXMN,PE,Callao,PECLL,FCL,40' High Cube,1,2665
2024-03-04,2024-03-04,2024-04-05,COSCO,32,CN,Xiamen,CNXMN,PE,Callao,PECLL,FCL,20' Standard,1,2150
2024-03-04,2024-03-04,2024-04-05,COSCO,32,CN,Xiamen,CNXMN,PE,Callao,PECLL,FCL,40' Standard,1,2700
2024-03-04,2024-03-04,2024-04-05,COSCO,32,CN,Xiamen,CNXMN,PE,Callao,PECLL,FCL,40' High Cube,1,2700
2024-03-04,2024-03-08,2024-04-20,,43,CN,Xiamen,CNXMN,PE,Callao,PECLL,FCL,20' Standard,1,2125
2024-03-04,2024-03-08,2024-04-20,,43,CN,Xiamen,CNXMN,PE,Callao,PECLL,FCL,40' Standard,1,2675
2024-03-04,2024-03-08,2024-04-20,,43,CN,Xiamen,CNXMN,PE,Callao,PECLL,FCL,40' High Cube,1,2675
2024-03-04,2024-03-05,2024-04-13,,39,CN,Xiamen,CNXMN,PE,Callao,PECLL,FCL,20' Standard,1,2125
2024-03-04,2024-03-05,2024-04-13,,39,CN,Xiamen,CNXMN,PE,Callao,PECLL,FCL,40' Standard,1,2675
2024-03-04,2024-03-05,2024-04-13,,39,CN,Xiamen,CNXMN,PE,Callao,PECLL,FCL,40' High Cube,1,2675
2024-03-04,2024-03-10,2024-04-20,,41,CN,Xiamen,CNXMN,PE,Callao,PECLL,FCL,20' Standard,1,1925
2024-03-04,2024-03-10,2024-04-20,,41,CN,Xiamen,CNXMN,PE,Callao,PECLL,FCL,40' Standard,1,2275
2024-03-04,2024-03-10,2024-04-20,,41,CN,Xiamen,CNXMN,PE,Callao,PECLL,FCL,40' High Cube,1,2275
2024-03-04,2024-03-05,2024-04-06,,32,CN,Zhongshan,CNZSN,PA,Rodman,PAROD,FCL,20' Standard,1,3478
2024-03-04,2024-03-05,2024-04-06,,32,CN,Zhongshan,CNZSN,PA,Rodman,PAROD,FCL,40' Standard,1,3978
2024-03-04,2024-03-05,2024-04-06,,32,CN,Zhongshan,CNZSN,PA,Rodman,PAROD,FCL,40' High Cube,1,3978
2024-03-04,2024-03-03,1970-01-01,ONE,,CN,Zhongshan,CNZSN,PA,Rodman,PAROD,FCL,20' Standard,1,2415
2024-03-04,2024-03-03,1970-01-01,ONE,,CN,Zhongshan,CNZSN,PA,Rodman,PAROD,FCL,40' Standard,1,3115
2024-03-04,2024-03-03,1970-01-01,ONE,,CN,Zhongshan,CNZSN,PA,Rodman,PAROD,FCL,40' High Cube,1,3115
2024-03-04,2024-03-04,2024-04-19,COSCO,46,CN,Shanghai,CNSHA,PL,Gdansk,PLGDN,FCL,20' Standard,1,2575
2024-03-04,2024-03-04,2024-04-19,COSCO,46,CN,Shanghai,CNSHA,PL,Gdansk,PLGDN,FCL,40' Standard,1,4550
2024-03-04,2024-03-04,2024-04-19,COSCO,46,CN,Shanghai,CNSHA,PL,Gdansk,PLGDN,FCL,40' High Cube,1,4550
2024-03-04,2024-03-03,2024-04-08,,36,CN,Shanghai,CNSHA,PL,Gdansk,PLGDN,FCL,20' Standard,1,2445
2024-03-04,2024-03-03,2024-04-08,,36,CN,Shanghai,CNSHA,PL,Gdansk,PLGDN,FCL,40' Standard,1,4000
2024-03-04,2024-03-03,2024-04-08,,36,CN,Shanghai,CNSHA,PL,Gdansk,PLGDN,FCL,40' High Cube,1,4000
2024-03-04,2024-03-14,2024-04-15,,32,CN,Shanghai,CNSHA,PL,Gdansk,PLGDN,FCL,20' Standard,1,2445
2024-03-04,2024-03-14,2024-04-15,,32,CN,Shanghai,CNSHA,PL,Gdansk,PLGDN,FCL,40' Standard,1,4000
2024-03-04,2024-03-14,2024-04-15,,32,CN,Shanghai,CNSHA,PL,Gdansk,PLGDN,FCL,40' High Cube,1,4000
2024-03-04,2024-03-03,1970-01-01,COSCO,,CN,Shanghai,CNSHA,PL,Gdansk,PLGDN,FCL,20' Standard,1,2275
2024-03-04,2024-03-03,1970-01-01,COSCO,,CN,Shanghai,CNSHA,PL,Gdansk,PLGDN,FCL,40' Standard,1,4050
2024-03-04,2024-03-03,1970-01-01,COSCO,,CN,Shanghai,CNSHA,PL,Gdansk,PLGDN,FCL,40' High Cube,1,4050
2024-03-04,2024-03-14,2024-05-01,,48,CN,Shanghai,CNSHA,PL,Gdansk,PLGDN,FCL,20' Standard,1,2076
2024-03-04,2024-03-14,2024-05-01,,48,CN,Shanghai,CNSHA,PL,Gdansk,PLGDN,FCL,40' Standard,1,3827
2024-03-04,2024-03-14,2024-05-01,,48,CN,Shanghai,CNSHA,PL,Gdansk,PLGDN,FCL,40' High Cube,1,3827
2024-03-04,2024-03-12,2024-04-27,MSC,46,CN,Shanghai,CNSHA,PL,Gdansk,PLGDN,FCL,20' Standard,1,2075
2024-03-04,2024-03-12,2024-04-27,MSC,46,CN,Shanghai,CNSHA,PL,Gdansk,PLGDN,FCL,40' Standard,1,3465
2024-03-04,2024-03-12,2024-04-27,MSC,46,CN,Shanghai,CNSHA,PL,Gdansk,PLGDN,FCL,40' High Cube,1,3465
2024-03-04,2024-03-03,2024-03-14,Maersk,46,PH,Manila,PHMNL,PT,Sines,PTSIE,FCL,20' Standard,1,3287
2024-03-04,2024-03-03,2024-03-14,Maersk,46,PH,Manila,PHMNL,PT,Sines,PTSIE,FCL,40' Standard,1,3972
2024-03-04,2024-03-03,2024-03-14,Maersk,46,PH,Manila,PHMNL,PT,Sines,PTSIE,FCL,40' High Cube,1,3972
2024-03-04,2024-03-03,2024-04-12,Maersk,62,BR,Pecem,BRPEC,IN,Cochin,INCOK,FCL,20' Standard,1,1529
2024-03-04,2024-03-03,2024-04-12,Maersk,62,BR,Pecem,BRPEC,IN,Cochin,INCOK,FCL,40' Standard,1,1537
2024-03-04,2024-03-03,2024-04-12,Maersk,62,BR,Pecem,BRPEC,IN,Cochin,INCOK,FCL,40' High Cube,1,1537
2024-03-04,2024-03-08,1970-01-01,,,CN,Ningbo,CNNGB,GR,Piraeus,GRPIR,FCL,20' Standard,1,3534
2024-03-04,2024-03-08,1970-01-01,,,CN,Ningbo,CNNGB,GR,Piraeus,GRPIR,FCL,40' Standard,1,4638
2024-03-04,2024-03-08,1970-01-01,,,CN,Ningbo,CNNGB,GR,Piraeus,GRPIR,FCL,40' High Cube,1,4638
2024-03-04,2024-03-07,2024-04-14,,38,CN,Ningbo,CNNGB,GR,Piraeus,GRPIR,FCL,20' Standard,1,3396
2024-03-04,2024-03-07,2024-04-14,,38,CN,Ningbo,CNNGB,GR,Piraeus,GRPIR,FCL,40' Standard,1,4767
2024-03-04,2024-03-07,2024-04-14,,38,CN,Ningbo,CNNGB,GR,Piraeus,GRPIR,FCL,40' High Cube,1,4767
2024-03-04,2024-03-12,2024-04-20,ONE,39,CN,Ningbo,CNNGB,GR,Piraeus,GRPIR,FCL,20' Standard,1,3007
2024-03-04,2024-03-12,2024-04-20,ONE,39,CN,Ningbo,CNNGB,GR,Piraeus,GRPIR,FCL,40' Standard,1,4239
2024-03-04,2024-03-12,2024-04-20,ONE,39,CN,Ningbo,CNNGB,GR,Piraeus,GRPIR,FCL,40' High Cube,1,4239
2024-03-04,2024-03-06,2024-04-16,,41,CN,Ningbo,CNNGB,GR,Piraeus,GRPIR,FCL,20' Standard,1,2855
2024-03-04,2024-03-06,2024-04-16,,41,CN,Ningbo,CNNGB,GR,Piraeus,GRPIR,FCL,40' Standard,1,4480
2024-03-04,2024-03-06,2024-04-16,,41,CN,Ningbo,CNNGB,GR,Piraeus,GRPIR,FCL,40' High Cube,1,4480
2024-03-04,2024-03-12,2024-04-19,,38,CN,Ningbo,CNNGB,GR,Piraeus,GRPIR,FCL,20' Standard,1,2855
2024-03-04,2024-03-12,2024-04-19,,38,CN,Ningbo,CNNGB,GR,Piraeus,GRPIR,FCL,40' Standard,1,4480
2024-03-04,2024-03-12,2024-04-19,,38,CN,Ningbo,CNNGB,GR,Piraeus,GRPIR,FCL,40' High Cube,1,4480
2024-03-04,2024-03-05,2024-03-29,,24,CN,Qingdao,CNTAO,MX,Manzanillo,MXZLO,FCL,20' Standard,1,2433
2024-03-04,2024-03-05,2024-03-29,,24,CN,Qingdao,CNTAO,MX,Manzanillo,MXZLO,FCL,40' Standard,1,2638
2024-03-04,2024-03-05,2024-03-29,,24,CN,Qingdao,CNTAO,MX,Manzanillo,MXZLO,FCL,40' High Cube,1,2638
2024-03-04,2024-03-12,2024-04-05,,24,CN,Qingdao,CNTAO,MX,Manzanillo,MXZLO,FCL,20' Standard,1,2333
2024-03-04,2024-03-12,2024-04-05,,24,CN,Qingdao,CNTAO,MX,Manzanillo,MXZLO,FCL,40' Standard,1,2638
2024-03-04,2024-03-12,2024-04-05,,24,CN,Qingdao,CNTAO,MX,Manzanillo,MXZLO,FCL,40' High Cube,1,2638
2024-03-04,2024-03-14,2024-04-05,,22,CN,Qingdao,CNTAO,MX,Manzanillo,MXZLO,FCL,20' Standard,1,2333
2024-03-04,2024-03-14,2024-04-05,,22,CN,Qingdao,CNTAO,MX,Manzanillo,MXZLO,FCL,40' Standard,1,2638
2024-03-04,2024-03-14,2024-04-05,,22,CN,Qingdao,CNTAO,MX,Manzanillo,MXZLO,FCL,40' High Cube,1,2638
2024-03-04,2024-03-08,2024-03-29,,21,CN,Qingdao,CNTAO,MX,Manzanillo,MXZLO,FCL,20' Standard,1,2333
2024-03-04,2024-03-08,2024-03-29,,21,CN,Qingdao,CNTAO,MX,Manzanillo,MXZLO,FCL,40' Standard,1,2638
2024-03-04,2024-03-08,2024-03-29,,21,CN,Qingdao,CNTAO,MX,Manzanillo,MXZLO,FCL,40' High Cube,1,2638
2024-03-04,2024-03-11,2024-04-03,MSC,23,CN,Qingdao,CNTAO,MX,Manzanillo,MXZLO,FCL,20' Standard,1,2521
2024-03-04,2024-03-11,2024-04-03,MSC,23,CN,Qingdao,CNTAO,MX,Manzanillo,MXZLO,FCL,40' Standard,1,2922
2024-03-04,2024-03-11,2024-04-03,MSC,23,CN,Qingdao,CNTAO,MX,Manzanillo,MXZLO,FCL,40' High Cube,1,2922
2024-03-04,2024-03-07,2024-03-26,MSC,19,CN,Qingdao,CNTAO,MX,Manzanillo,MXZLO,FCL,20' Standard,1,2521
2024-03-04,2024-03-07,2024-03-26,MSC,19,CN,Qingdao,CNTAO,MX,Manzanillo,MXZLO,FCL,40' Standard,1,2922
2024-03-04,2024-03-07,2024-03-26,MSC,19,CN,Qingdao,CNTAO,MX,Manzanillo,MXZLO,FCL,40' High Cube,1,2922
2024-03-04,2024-03-03,2024-03-22,MSC,19,CN,Qingdao,CNTAO,MX,Manzanillo,MXZLO,FCL,20' Standard,1,2521
2024-03-04,2024-03-03,2024-03-22,MSC,19,CN,Qingdao,CNTAO,MX,Manzanillo,MXZLO,FCL,40' Standard,1,2922
2024-03-04,2024-03-03,2024-03-22,MSC,19,CN,Qingdao,CNTAO,MX,Manzanillo,MXZLO,FCL,40' High Cube,1,2922
2024-03-04,2024-03-14,2024-04-05,MSC,22,CN,Qingdao,CNTAO,MX,Manzanillo,MXZLO,FCL,20' Standard,1,2521
2024-03-04,2024-03-14,2024-04-05,MSC,22,CN,Qingdao,CNTAO,MX,Manzanillo,MXZLO,FCL,40' Standard,1,2922
2024-03-04,2024-03-14,2024-04-05,MSC,22,CN,Qingdao,CNTAO,MX,Manzanillo,MXZLO,FCL,40' High Cube,1,2922
2024-03-04,2024-03-03,2024-03-29,OOCL,26,CN,Qingdao,CNTAO,MX,Manzanillo,MXZLO,FCL,20' Standard,1,2215
2024-03-04,2024-03-03,2024-03-29,OOCL,26,CN,Qingdao,CNTAO,MX,Manzanillo,MXZLO,FCL,40' Standard,1,2615
2024-03-04,2024-03-03,2024-03-29,OOCL,26,CN,Qingdao,CNTAO,MX,Manzanillo,MXZLO,FCL,40' High Cube,1,2615
2024-03-04,2024-03-06,2024-03-28,OOCL,22,CN,Qingdao,CNTAO,MX,Manzanillo,MXZLO,FCL,20' Standard,1,2215
2024-03-04,2024-03-06,2024-03-28,OOCL,22,CN,Qingdao,CNTAO,MX,Manzanillo,MXZLO,FCL,40' Standard,1,2615
2024-03-04,2024-03-06,2024-03-28,OOCL,22,CN,Qingdao,CNTAO,MX,Manzanillo,MXZLO,FCL,40' High Cube,1,2615
2024-03-04,2024-03-04,2024-03-23,,19,CN,Qingdao,CNTAO,MX,Manzanillo,MXZLO,FCL,20' Standard,1,2117
2024-03-04,2024-03-04,2024-03-23,,19,CN,Qingdao,CNTAO,MX,Manzanillo,MXZLO,FCL,40' Standard,1,2454
2024-03-04,2024-03-04,2024-03-23,,19,CN,Qingdao,CNTAO,MX,Manzanillo,MXZLO,FCL,40' High Cube,1,2454
2024-03-04,2024-03-08,2024-03-28,,20,CN,Qingdao,CNTAO,MX,Manzanillo,MXZLO,FCL,20' Standard,1,2092
2024-03-04,2024-03-08,2024-03-28,,20,CN,Qingdao,CNTAO,MX,Manzanillo,MXZLO,FCL,40' Standard,1,2292
2024-03-04,2024-03-08,2024-03-28,,20,CN,Qingdao,CNTAO,MX,Manzanillo,MXZLO,FCL,40' High Cube,1,2292
2024-03-04,2024-03-08,2024-03-25,PIL,17,CN,Qingdao,CNTAO,MX,Manzanillo,MXZLO,FCL,20' Standard,1,2060
2024-03-04,2024-03-08,2024-03-25,PIL,17,CN,Qingdao,CNTAO,MX,Manzanillo,MXZLO,FCL,40' Standard,1,2360
2024-03-04,2024-03-08,2024-03-25,PIL,17,CN,Qingdao,CNTAO,MX,Manzanillo,MXZLO,FCL,40' High Cube,1,2360
2024-03-04,2024-03-09,2024-03-30,PIL,21,CN,Qingdao,CNTAO,MX,Manzanillo,MXZLO,FCL,20' Standard,1,2060
2024-03-04,2024-03-09,2024-03-30,PIL,21,CN,Qingdao,CNTAO,MX,Manzanillo,MXZLO,FCL,40' Standard,1,2360
2024-03-04,2024-03-09,2024-03-30,PIL,21,CN,Qingdao,CNTAO,MX,Manzanillo,MXZLO,FCL,40' High Cube,1,2360
2024-03-04,2024-03-08,2024-03-30,PIL,22,CN,Qingdao,CNTAO,MX,Manzanillo,MXZLO,FCL,20' Standard,1,2060
2024-03-04,2024-03-08,2024-03-30,PIL,22,CN,Qingdao,CNTAO,MX,Manzanillo,MXZLO,FCL,40' Standard,1,2360
2024-03-04,2024-03-08,2024-03-30,PIL,22,CN,Qingdao,CNTAO,MX,Manzanillo,MXZLO,FCL,40' High Cube,1,2360
2024-03-04,2024-03-15,2024-04-04,,20,CN,Qingdao,CNTAO,MX,Manzanillo,MXZLO,FCL,20' Standard,1,1992
2024-03-04,2024-03-15,2024-04-04,,20,CN,Qingdao,CNTAO,MX,Manzanillo,MXZLO,FCL,40' Standard,1,2092
2024-03-04,2024-03-15,2024-04-04,,20,CN,Qingdao,CNTAO,MX,Manzanillo,MXZLO,FCL,40' High Cube,1,2092
2024-03-04,2024-03-08,2024-03-28,,20,CN,Qingdao,CNTAO,MX,Manzanillo,MXZLO,FCL,20' Standard,1,1967
2024-03-04,2024-03-08,2024-03-28,,20,CN,Qingdao,CNTAO,MX,Manzanillo,MXZLO,FCL,40' Standard,1,2278
2024-03-04,2024-03-08,2024-03-28,,20,CN,Qingdao,CNTAO,MX,Manzanillo,MXZLO,FCL,40' High Cube,1,2278
2024-03-04,2024-03-16,2024-04-07,Maersk,22,CN,Qingdao,CNTAO,MX,Manzanillo,MXZLO,FCL,20' Standard,1,1949
2024-03-04,2024-03-16,2024-04-07,Maersk,22,CN,Qingdao,CNTAO,MX,Manzanillo,MXZLO,FCL,40' Standard,1,2349
2024-03-04,2024-03-16,2024-04-07,Maersk,22,CN,Qingdao,CNTAO,MX,Manzanillo,MXZLO,FCL,40' High Cube,1,2349
2024-03-04,2024-03-09,2024-03-31,Maersk,22,CN,Qingdao,CNTAO,MX,Manzanillo,MXZLO,FCL,20' Standard,1,1949
2024-03-04,2024-03-09,2024-03-31,Maersk,22,CN,Qingdao,CNTAO,MX,Manzanillo,MXZLO,FCL,40' Standard,1,2349
2024-03-04,2024-03-09,2024-03-31,Maersk,22,CN,Qingdao,CNTAO,MX,Manzanillo,MXZLO,FCL,40' High Cube,1,2349
2024-03-04,2024-03-13,2024-03-29,,16,CN,Qingdao,CNTAO,MX,Manzanillo,MXZLO,FCL,20' Standard,1,1917
2024-03-04,2024-03-13,2024-03-29,,16,CN,Qingdao,CNTAO,MX,Manzanillo,MXZLO,FCL,40' Standard,1,2178
2024-03-04,2024-03-13,2024-03-29,,16,CN,Qingdao,CNTAO,MX,Manzanillo,MXZLO,FCL,40' High Cube,1,2178
2024-03-04,2024-03-15,2024-04-05,,21,CN,Qingdao,CNTAO,MX,Manzanillo,MXZLO,FCL,20' Standard,1,1917
2024-03-04,2024-03-15,2024-04-05,,21,CN,Qingdao,CNTAO,MX,Manzanillo,MXZLO,FCL,40' Standard,1,2178
2024-03-04,2024-03-15,2024-04-05,,21,CN,Qingdao,CNTAO,MX,Manzanillo,MXZLO,FCL,40' High Cube,1,2178
2024-03-04,2024-03-16,2024-04-01,PIL,16,CN,Qingdao,CNTAO,MX,Manzanillo,MXZLO,FCL,20' Standard,1,1760
2024-03-04,2024-03-16,2024-04-01,PIL,16,CN,Qingdao,CNTAO,MX,Manzanillo,MXZLO,FCL,40' Standard,1,2160
2024-03-04,2024-03-16,2024-04-01,PIL,16,CN,Qingdao,CNTAO,MX,Manzanillo,MXZLO,FCL,40' High Cube,1,2160
2024-03-04,2024-03-16,2024-04-07,PIL,22,CN,Qingdao,CNTAO,MX,Manzanillo,MXZLO,FCL,20' Standard,1,1760
2024-03-04,2024-03-16,2024-04-07,PIL,22,CN,Qingdao,CNTAO,MX,Manzanillo,MXZLO,FCL,40' Standard,1,2160
2024-03-04,2024-03-16,2024-04-07,PIL,22,CN,Qingdao,CNTAO,MX,Manzanillo,MXZLO,FCL,40' High Cube,1,2160
2024-03-04,2024-03-15,2024-04-06,PIL,22,CN,Qingdao,CNTAO,MX,Manzanillo,MXZLO,FCL,20' Standard,1,1760
2024-03-04,2024-03-15,2024-04-06,PIL,22,CN,Qingdao,CNTAO,MX,Manzanillo,MXZLO,FCL,40' Standard,1,2160
2024-03-04,2024-03-15,2024-04-06,PIL,22,CN,Qingdao,CNTAO,MX,Manzanillo,MXZLO,FCL,40' High Cube,1,2160
2024-03-04,2024-03-10,2024-04-05,OOCL,26,CN,Qingdao,CNTAO,MX,Manzanillo,MXZLO,FCL,20' Standard,1,1715
2024-03-04,2024-03-10,2024-04-05,OOCL,26,CN,Qingdao,CNTAO,MX,Manzanillo,MXZLO,FCL,40' Standard,1,2215
2024-03-04,2024-03-10,2024-04-05,OOCL,26,CN,Qingdao,CNTAO,MX,Manzanillo,MXZLO,FCL,40' High Cube,1,2215
2024-03-04,2024-03-09,2024-03-31,OOCL,22,CN,Qingdao,CNTAO,MX,Manzanillo,MXZLO,FCL,20' Standard,1,1715
2024-03-04,2024-03-09,2024-03-31,OOCL,22,CN,Qingdao,CNTAO,MX,Manzanillo,MXZLO,FCL,40' Standard,1,2215
2024-03-04,2024-03-09,2024-03-31,OOCL,22,CN,Qingdao,CNTAO,MX,Manzanillo,MXZLO,FCL,40' High Cube,1,2215
2024-03-04,2024-03-16,2024-04-12,OOCL,27,CN,Qingdao,CNTAO,MX,Manzanillo,MXZLO,FCL,20' Standard,1,1715
2024-03-04,2024-03-16,2024-04-12,OOCL,27,CN,Qingdao,CNTAO,MX,Manzanillo,MXZLO,FCL,40' Standard,1,2215
2024-03-04,2024-03-16,2024-04-12,OOCL,27,CN,Qingdao,CNTAO,MX,Manzanillo,MXZLO,FCL,40' High Cube,1,2215
2024-03-04,2024-03-16,2024-04-05,OOCL,20,CN,Qingdao,CNTAO,MX,Manzanillo,MXZLO,FCL,20' Standard,1,1715
2024-03-04,2024-03-16,2024-04-05,OOCL,20,CN,Qingdao,CNTAO,MX,Manzanillo,MXZLO,FCL,40' Standard,1,2215
2024-03-04,2024-03-16,2024-04-05,OOCL,20,CN,Qingdao,CNTAO,MX,Manzanillo,MXZLO,FCL,40' High Cube,1,2215
2024-03-04,2024-03-12,2024-04-04,OOCL,23,CN,Qingdao,CNTAO,MX,Manzanillo,MXZLO,FCL,20' Standard,1,1715
2024-03-04,2024-03-12,2024-04-04,OOCL,23,CN,Qingdao,CNTAO,MX,Manzanillo,MXZLO,FCL,40' Standard,1,2215
2024-03-04,2024-03-12,2024-04-04,OOCL,23,CN,Qingdao,CNTAO,MX,Manzanillo,MXZLO,FCL,40' High Cube,1,2215
2024-03-04,2024-03-11,2024-03-29,OOCL,18,CN,Qingdao,CNTAO,MX,Manzanillo,MXZLO,FCL,20' Standard,1,1715
2024-03-04,2024-03-11,2024-03-29,OOCL,18,CN,Qingdao,CNTAO,MX,Manzanillo,MXZLO,FCL,40' Standard,1,2215
2024-03-04,2024-03-11,2024-03-29,OOCL,18,CN,Qingdao,CNTAO,MX,Manzanillo,MXZLO,FCL,40' High Cube,1,2215
2024-03-04,2024-03-03,2024-03-24,Maersk,44,ID,"Semarang, Java",IDSRG,NL,MOERDIJK,NLMOE,FCL,20' Standard,1,2367.7130044843047
2024-03-04,2024-03-03,2024-03-24,Maersk,44,ID,"Semarang, Java",IDSRG,NL,MOERDIJK,NLMOE,FCL,40' Standard,1,3771.1645604022287
2024-03-04,2024-03-03,2024-03-24,Maersk,44,ID,"Semarang, Java",IDSRG,NL,MOERDIJK,NLMOE,FCL,40' High Cube,1,3771.1645604022287
2024-03-04,2024-03-03,2024-04-14,,42,CN,Shanghai,CNSHA,DO,Caucedo,DOCAU,FCL,20' Standard,1,3467
2024-03-04,2024-03-03,2024-04-14,,42,CN,Shanghai,CNSHA,DO,Caucedo,DOCAU,FCL,40' Standard,1,4197
2024-03-04,2024-03-03,2024-04-14,,42,CN,Shanghai,CNSHA,DO,Caucedo,DOCAU,FCL,40' High Cube,1,4197
2024-03-04,2024-03-15,2024-04-15,MSC,31,CN,Shanghai,CNSHA,DO,Caucedo,DOCAU,FCL,20' Standard,1,3420
2024-03-04,2024-03-15,2024-04-15,MSC,31,CN,Shanghai,CNSHA,DO,Caucedo,DOCAU,FCL,40' Standard,1,4020
2024-03-04,2024-03-15,2024-04-15,MSC,31,CN,Shanghai,CNSHA,DO,Caucedo,DOCAU,FCL,40' High Cube,1,4020
2024-03-04,2024-03-03,2024-04-14,OOCL,42,CN,Shanghai,CNSHA,DO,Caucedo,DOCAU,FCL,20' Standard,1,3288
2024-03-04,2024-03-03,2024-04-14,OOCL,42,CN,Shanghai,CNSHA,DO,Caucedo,DOCAU,FCL,40' Standard,1,3738
2024-03-04,2024-03-03,2024-04-14,OOCL,42,CN,Shanghai,CNSHA,DO,Caucedo,DOCAU,FCL,40' High Cube,1,3738
2024-03-04,2024-03-16,2024-04-28,,43,CN,Shanghai,CNSHA,DO,Caucedo,DOCAU,FCL,20' Standard,1,3087
2024-03-04,2024-03-16,2024-04-28,,43,CN,Shanghai,CNSHA,DO,Caucedo,DOCAU,FCL,40' Standard,1,3648
2024-03-04,2024-03-16,2024-04-28,,43,CN,Shanghai,CNSHA,DO,Caucedo,DOCAU,FCL,40' High Cube,1,3648
2024-03-04,2024-03-03,2024-04-14,,42,CN,Shanghai,CNSHA,DO,Caucedo,DOCAU,FCL,20' Standard,1,3087
2024-03-04,2024-03-03,2024-04-14,,42,CN,Shanghai,CNSHA,DO,Caucedo,DOCAU,FCL,40' Standard,1,3748
2024-03-04,2024-03-03,2024-04-14,,42,CN,Shanghai,CNSHA,DO,Caucedo,DOCAU,FCL,40' High Cube,1,3748
2024-03-04,2024-03-10,2024-04-21,,42,CN,Shanghai,CNSHA,DO,Caucedo,DOCAU,FCL,20' Standard,1,3087
2024-03-04,2024-03-10,2024-04-21,,42,CN,Shanghai,CNSHA,DO,Caucedo,DOCAU,FCL,40' Standard,1,3748
2024-03-04,2024-03-10,2024-04-21,,42,CN,Shanghai,CNSHA,DO,Caucedo,DOCAU,FCL,40' High Cube,1,3748
2024-03-04,2024-03-16,2024-04-28,OOCL,43,CN,Shanghai,CNSHA,DO,Caucedo,DOCAU,FCL,20' Standard,1,2988
2024-03-04,2024-03-16,2024-04-28,OOCL,43,CN,Shanghai,CNSHA,DO,Caucedo,DOCAU,FCL,40' Standard,1,3438
2024-03-04,2024-03-16,2024-04-28,OOCL,43,CN,Shanghai,CNSHA,DO,Caucedo,DOCAU,FCL,40' High Cube,1,3438
2024-03-04,2024-03-16,2024-04-28,COSCO,43,CN,Shanghai,CNSHA,DO,Caucedo,DOCAU,FCL,20' Standard,1,2566
2024-03-04,2024-03-16,2024-04-28,COSCO,43,CN,Shanghai,CNSHA,DO,Caucedo,DOCAU,FCL,40' Standard,1,3216
2024-03-04,2024-03-16,2024-04-28,COSCO,43,CN,Shanghai,CNSHA,DO,Caucedo,DOCAU,FCL,40' High Cube,1,3216
2024-03-04,2024-03-11,2024-04-30,,50,CN,Shanghai,CNSHA,FR,Le Havre,FRLEH,FCL,20' Standard,1,2080
2024-03-04,2024-03-11,2024-04-30,,50,CN,Shanghai,CNSHA,FR,Le Havre,FRLEH,FCL,40' Standard,1,3830
2024-03-04,2024-03-11,2024-04-30,,50,CN,Shanghai,CNSHA,FR,Le Havre,FRLEH,FCL,40' High Cube,1,3830
2024-03-04,2024-03-04,2024-04-24,,51,CN,Shanghai,CNSHA,FR,Le Havre,FRLEH,FCL,20' Standard,1,2080
2024-03-04,2024-03-04,2024-04-24,,51,CN,Shanghai,CNSHA,FR,Le Havre,FRLEH,FCL,40' Standard,1,3830
2024-03-04,2024-03-04,2024-04-24,,51,CN,Shanghai,CNSHA,FR,Le Havre,FRLEH,FCL,40' High Cube,1,3830
2024-03-04,2024-03-11,2024-05-02,ONE,52,CN,Shanghai,CNSHA,FR,Le Havre,FRLEH,FCL,20' Standard,1,2075
2024-03-04,2024-03-11,2024-05-02,ONE,52,CN,Shanghai,CNSHA,FR,Le Havre,FRLEH,FCL,40' Standard,1,3885
2024-03-04,2024-03-11,2024-05-02,ONE,52,CN,Shanghai,CNSHA,FR,Le Havre,FRLEH,FCL,40' High Cube,1,3885
2024-03-04,2024-03-14,2024-05-03,,50,CN,Shanghai,CNSHA,FR,Le Havre,FRLEH,FCL,20' Standard,1,2010
2024-03-04,2024-03-14,2024-05-03,,50,CN,Shanghai,CNSHA,FR,Le Havre,FRLEH,FCL,40' Standard,1,3785
2024-03-04,2024-03-14,2024-05-03,,50,CN,Shanghai,CNSHA,FR,Le Havre,FRLEH,FCL,40' High Cube,1,3785
2024-03-04,2024-03-10,2024-04-26,,47,CN,Shanghai,CNSHA,FR,Le Havre,FRLEH,FCL,20' Standard,1,2010
2024-03-04,2024-03-10,2024-04-26,,47,CN,Shanghai,CNSHA,FR,Le Havre,FRLEH,FCL,40' Standard,1,3785
2024-03-04,2024-03-10,2024-04-26,,47,CN,Shanghai,CNSHA,FR,Le Havre,FRLEH,FCL,40' High Cube,1,3785
2024-03-04,2024-03-23,2024-05-10,,48,CN,Shanghai,CNSHA,FR,Le Havre,FRLEH,FCL,20' Standard,1,2010
2024-03-04,2024-03-23,2024-05-10,,48,CN,Shanghai,CNSHA,FR,Le Havre,FRLEH,FCL,40' Standard,1,3785
2024-03-04,2024-03-23,2024-05-10,,48,CN,Shanghai,CNSHA,FR,Le Havre,FRLEH,FCL,40' High Cube,1,3785
2024-03-04,2024-03-05,2024-04-14,,40,CN,Shanghai,CNSHA,FR,Le Havre,FRLEH,FCL,20' Standard,1,2010
2024-03-04,2024-03-05,2024-04-14,,40,CN,Shanghai,CNSHA,FR,Le Havre,FRLEH,FCL,40' Standard,1,3785
2024-03-04,2024-03-05,2024-04-14,,40,CN,Shanghai,CNSHA,FR,Le Havre,FRLEH,FCL,40' High Cube,1,3785
2024-03-04,2024-03-11,2024-05-02,,52,CN,Shanghai,CNSHA,FR,Le Havre,FRLEH,FCL,20' Standard,1,2010
2024-03-04,2024-03-11,2024-05-02,,52,CN,Shanghai,CNSHA,FR,Le Havre,FRLEH,FCL,40' Standard,1,3785
2024-03-04,2024-03-11,2024-05-02,,52,CN,Shanghai,CNSHA,FR,Le Havre,FRLEH,FCL,40' High Cube,1,3785
2024-03-04,2024-03-06,2024-04-26,,51,CN,Shanghai,CNSHA,FR,Le Havre,FRLEH,FCL,20' Standard,1,2010
2024-03-04,2024-03-06,2024-04-26,,51,CN,Shanghai,CNSHA,FR,Le Havre,FRLEH,FCL,40' Standard,1,3785
2024-03-04,2024-03-06,2024-04-26,,51,CN,Shanghai,CNSHA,FR,Le Havre,FRLEH,FCL,40' High Cube,1,3785
2024-03-04,2024-03-12,2024-04-15,MSC,34,CN,Shanghai,CNSHA,BR,Santos,BRSSZ,FCL,20' Standard,1,3298
2024-03-04,2024-03-12,2024-04-15,MSC,34,CN,Shanghai,CNSHA,BR,Santos,BRSSZ,FCL,40' Standard,1,2647
2024-03-04,2024-03-12,2024-04-15,MSC,34,CN,Shanghai,CNSHA,BR,Santos,BRSSZ,FCL,40' High Cube,1,2647
2024-03-04,2024-03-10,2024-04-10,COSCO,31,CN,Shanghai,CNSHA,BR,Santos,BRSSZ,FCL,20' Standard,1,2960
2024-03-04,2024-03-10,2024-04-10,COSCO,31,CN,Shanghai,CNSHA,BR,Santos,BRSSZ,FCL,40' Standard,1,3010
2024-03-04,2024-03-10,2024-04-10,COSCO,31,CN,Shanghai,CNSHA,BR,Santos,BRSSZ,FCL,40' High Cube,1,3010
2024-03-04,2024-03-09,2024-04-11,COSCO,33,CN,Shanghai,CNSHA,BR,Santos,BRSSZ,FCL,20' Standard,1,2960
2024-03-04,2024-03-09,2024-04-11,COSCO,33,CN,Shanghai,CNSHA,BR,Santos,BRSSZ,FCL,40' Standard,1,3010
2024-03-04,2024-03-09,2024-04-11,COSCO,33,CN,Shanghai,CNSHA,BR,Santos,BRSSZ,FCL,40' High Cube,1,3010
2024-03-04,2024-03-09,2024-04-12,,34,CN,Shanghai,CNSHA,BR,Santos,BRSSZ,FCL,20' Standard,1,2960
2024-03-04,2024-03-09,2024-04-12,,34,CN,Shanghai,CNSHA,BR,Santos,BRSSZ,FCL,40' Standard,1,3060
2024-03-04,2024-03-09,2024-04-12,,34,CN,Shanghai,CNSHA,BR,Santos,BRSSZ,FCL,40' High Cube,1,3060
2024-03-04,2024-03-07,2024-04-13,,37,CN,Shanghai,CNSHA,BR,Santos,BRSSZ,FCL,20' Standard,1,2825
2024-03-04,2024-03-07,2024-04-13,,37,CN,Shanghai,CNSHA,BR,Santos,BRSSZ,FCL,40' Standard,1,2828
2024-03-04,2024-03-07,2024-04-13,,37,CN,Shanghai,CNSHA,BR,Santos,BRSSZ,FCL,40' High Cube,1,2828
2024-03-04,2024-03-10,2024-04-10,,31,CN,Shanghai,CNSHA,BR,Santos,BRSSZ,FCL,20' Standard,1,2760
2024-03-04,2024-03-10,2024-04-10,,31,CN,Shanghai,CNSHA,BR,Santos,BRSSZ,FCL,40' Standard,1,2760
2024-03-04,2024-03-10,2024-04-10,,31,CN,Shanghai,CNSHA,BR,Santos,BRSSZ,FCL,40' High Cube,1,2760
2024-03-04,2024-03-16,2024-04-19,,34,CN,Shanghai,CNSHA,BR,Santos,BRSSZ,FCL,20' Standard,1,2760
2024-03-04,2024-03-16,2024-04-19,,34,CN,Shanghai,CNSHA,BR,Santos,BRSSZ,FCL,40' Standard,1,2760
2024-03-04,2024-03-16,2024-04-19,,34,CN,Shanghai,CNSHA,BR,Santos,BRSSZ,FCL,40' High Cube,1,2760
2024-03-04,2024-03-15,2024-04-17,,33,CN,Shanghai,CNSHA,BR,Santos,BRSSZ,FCL,20' Standard,1,2760
2024-03-04,2024-03-15,2024-04-17,,33,CN,Shanghai,CNSHA,BR,Santos,BRSSZ,FCL,40' Standard,1,2760
2024-03-04,2024-03-15,2024-04-17,,33,CN,Shanghai,CNSHA,BR,Santos,BRSSZ,FCL,40' High Cube,1,2760
2024-03-04,2024-03-03,2024-04-03,,31,CN,Shanghai,CNSHA,BR,Santos,BRSSZ,FCL,20' Standard,1,2737
2024-03-04,2024-03-03,2024-04-03,,31,CN,Shanghai,CNSHA,BR,Santos,BRSSZ,FCL,40' Standard,1,2748
2024-03-04,2024-03-03,2024-04-03,,31,CN,Shanghai,CNSHA,BR,Santos,BRSSZ,FCL,40' High Cube,1,2748
2024-03-04,2024-03-10,2024-04-10,,31,CN,Shanghai,CNSHA,BR,Santos,BRSSZ,FCL,20' Standard,1,2537
2024-03-04,2024-03-10,2024-04-10,,31,CN,Shanghai,CNSHA,BR,Santos,BRSSZ,FCL,40' Standard,1,2548
2024-03-04,2024-03-10,2024-04-10,,31,CN,Shanghai,CNSHA,BR,Santos,BRSSZ,FCL,40' High Cube,1,2548
2024-03-04,2024-03-09,2024-04-12,,34,CN,Shanghai,CNSHA,BR,Santos,BRSSZ,FCL,20' Standard,1,2537
2024-03-04,2024-03-09,2024-04-12,,34,CN,Shanghai,CNSHA,BR,Santos,BRSSZ,FCL,40' Standard,1,2548
2024-03-04,2024-03-09,2024-04-12,,34,CN,Shanghai,CNSHA,BR,Santos,BRSSZ,FCL,40' High Cube,1,2548
2024-03-04,2024-03-07,2024-04-13,ZIM,37,CN,Shanghai,CNSHA,BR,Santos,BRSSZ,FCL,20' Standard,1,2425
2024-03-04,2024-03-07,2024-04-13,ZIM,37,CN,Shanghai,CNSHA,BR,Santos,BRSSZ,FCL,40' Standard,1,2525
2024-03-04,2024-03-07,2024-04-13,ZIM,37,CN,Shanghai,CNSHA,BR,Santos,BRSSZ,FCL,40' High Cube,1,2525
2024-03-04,2024-03-10,2024-04-10,,31,CN,Shanghai,CNSHA,BR,Santos,BRSSZ,FCL,20' Standard,1,2330
2024-03-04,2024-03-10,2024-04-10,,31,CN,Shanghai,CNSHA,BR,Santos,BRSSZ,FCL,40' Standard,1,2480
2024-03-04,2024-03-10,2024-04-10,,31,CN,Shanghai,CNSHA,BR,Santos,BRSSZ,FCL,40' High Cube,1,2480
2024-03-04,2024-03-07,1970-01-01,,,CN,Shanghai,CNSHA,BR,Santos,BRSSZ,FCL,20' Standard,1,2330
2024-03-04,2024-03-07,1970-01-01,,,CN,Shanghai,CNSHA,BR,Santos,BRSSZ,FCL,40' Standard,1,2480
2024-03-04,2024-03-07,1970-01-01,,,CN,Shanghai,CNSHA,BR,Santos,BRSSZ,FCL,40' High Cube,1,2480
2024-03-04,2024-03-03,1970-01-01,,,CN,Shanghai,CNSHA,BR,Santos,BRSSZ,FCL,20' Standard,1,2280
2024-03-04,2024-03-03,1970-01-01,,,CN,Shanghai,CNSHA,BR,Santos,BRSSZ,FCL,40' Standard,1,2380
2024-03-04,2024-03-03,1970-01-01,,,CN,Shanghai,CNSHA,BR,Santos,BRSSZ,FCL,40' High Cube,1,2380
2024-03-04,2024-03-07,2024-04-14,Maersk,38,CN,Shanghai,CNSHA,BR,Santos,BRSSZ,FCL,20' Standard,1,1931
2024-03-04,2024-03-07,2024-04-14,Maersk,38,CN,Shanghai,CNSHA,BR,Santos,BRSSZ,FCL,40' Standard,1,2531
2024-03-04,2024-03-07,2024-04-14,Maersk,38,CN,Shanghai,CNSHA,BR,Santos,BRSSZ,FCL,40' High Cube,1,2531
2024-03-04,2024-03-03,2024-03-24,Maersk,34,MY,Kuching,MYKCH,MU,Port Louis,MUPLU,FCL,20' Standard,1,1412
2024-03-04,2024-03-03,2024-03-24,Maersk,34,MY,Kuching,MYKCH,MU,Port Louis,MUPLU,FCL,40' Standard,1,1765
2024-03-04,2024-03-03,2024-03-24,Maersk,34,MY,Kuching,MYKCH,MU,Port Louis,MUPLU,FCL,40' High Cube,1,1765
2024-03-04,2024-03-09,2024-04-19,COSCO,41,CN,Shanghai,CNSHA,AO,Luanda,AOLAD,FCL,20' Standard,1,1446
2024-03-04,2024-03-09,2024-04-19,COSCO,41,CN,Shanghai,CNSHA,AO,Luanda,AOLAD,FCL,40' Standard,1,1942
2024-03-04,2024-03-09,2024-04-19,COSCO,41,CN,Shanghai,CNSHA,AO,Luanda,AOLAD,FCL,40' High Cube,1,1942
2024-03-04,2024-03-03,2024-04-19,ONE,47,CN,Shanghai,CNSHA,CL,Valparaiso,CLVAP,FCL,20' Standard,1,2390
2024-03-04,2024-03-03,2024-04-19,ONE,47,CN,Shanghai,CNSHA,CL,Valparaiso,CLVAP,FCL,40' Standard,1,2690
2024-03-04,2024-03-03,2024-04-19,ONE,47,CN,Shanghai,CNSHA,CL,Valparaiso,CLVAP,FCL,40' High Cube,1,2690
2024-03-04,2024-03-03,2024-04-22,,50,CN,Shanghai,CNSHA,CL,Valparaiso,CLVAP,FCL,20' Standard,1,2228
2024-03-04,2024-03-03,2024-04-22,,50,CN,Shanghai,CNSHA,CL,Valparaiso,CLVAP,FCL,40' Standard,1,2428
2024-03-04,2024-03-03,2024-04-22,,50,CN,Shanghai,CNSHA,CL,Valparaiso,CLVAP,FCL,40' High Cube,1,2428
2024-03-04,2024-03-03,2024-04-18,MSC,46,CN,Shanghai,CNSHA,CL,Valparaiso,CLVAP,FCL,20' Standard,1,2125
2024-03-04,2024-03-03,2024-04-18,MSC,46,CN,Shanghai,CNSHA,CL,Valparaiso,CLVAP,FCL,40' Standard,1,2526
2024-03-04,2024-03-03,2024-04-18,MSC,46,CN,Shanghai,CNSHA,CL,Valparaiso,CLVAP,FCL,40' High Cube,1,2526
2024-03-04,2024-03-12,2024-04-25,,44,CN,Shanghai,CNSHA,CL,Valparaiso,CLVAP,FCL,20' Standard,1,2128
2024-03-04,2024-03-12,2024-04-25,,44,CN,Shanghai,CNSHA,CL,Valparaiso,CLVAP,FCL,40' Standard,1,2428
2024-03-04,2024-03-12,2024-04-25,,44,CN,Shanghai,CNSHA,CL,Valparaiso,CLVAP,FCL,40' High Cube,1,2428
2024-03-04,2024-03-03,2024-04-17,HMM,45,CN,Shanghai,CNSHA,CL,Valparaiso,CLVAP,FCL,20' Standard,1,1952
2024-03-04,2024-03-03,2024-04-17,HMM,45,CN,Shanghai,CNSHA,CL,Valparaiso,CLVAP,FCL,40' Standard,1,2692
2024-03-04,2024-03-03,2024-04-17,HMM,45,CN,Shanghai,CNSHA,CL,Valparaiso,CLVAP,FCL,40' High Cube,1,2692
2024-03-04,2024-03-08,2024-04-17,PIL,40,CN,Shanghai,CNSHA,CL,Valparaiso,CLVAP,FCL,20' Standard,1,1925
2024-03-04,2024-03-08,2024-04-17,PIL,40,CN,Shanghai,CNSHA,CL,Valparaiso,CLVAP,FCL,40' Standard,1,2125
2024-03-04,2024-03-08,2024-04-17,PIL,40,CN,Shanghai,CNSHA,CL,Valparaiso,CLVAP,FCL,40' High Cube,1,2125
2024-03-04,2024-03-08,2024-04-17,,40,CN,Shanghai,CNSHA,CL,Valparaiso,CLVAP,FCL,20' Standard,1,1625
2024-03-04,2024-03-08,2024-04-17,,40,CN,Shanghai,CNSHA,CL,Valparaiso,CLVAP,FCL,40' Standard,1,1825
2024-03-04,2024-03-08,2024-04-17,,40,CN,Shanghai,CNSHA,CL,Valparaiso,CLVAP,FCL,40' High Cube,1,1825
2024-03-04,2024-03-15,2024-04-24,PIL,40,CN,Shanghai,CNSHA,CL,Valparaiso,CLVAP,FCL,20' Standard,1,1625
2024-03-04,2024-03-15,2024-04-24,PIL,40,CN,Shanghai,CNSHA,CL,Valparaiso,CLVAP,FCL,40' Standard,1,1925
2024-03-04,2024-03-15,2024-04-24,PIL,40,CN,Shanghai,CNSHA,CL,Valparaiso,CLVAP,FCL,40' High Cube,1,1925
2024-03-04,2024-03-06,2024-04-19,ONE,44,CN,Ningbo,CNNGB,CL,Valparaiso,CLVAP,FCL,20' Standard,1,2390
2024-03-04,2024-03-06,2024-04-19,ONE,44,CN,Ningbo,CNNGB,CL,Valparaiso,CLVAP,FCL,40' Standard,1,2690
2024-03-04,2024-03-06,2024-04-19,ONE,44,CN,Ningbo,CNNGB,CL,Valparaiso,CLVAP,FCL,40' High Cube,1,2690
2024-03-04,2024-03-05,2024-04-10,PIL,36,CN,Ningbo,CNNGB,CL,Valparaiso,CLVAP,FCL,20' Standard,1,2050
2024-03-04,2024-03-05,2024-04-10,PIL,36,CN,Ningbo,CNNGB,CL,Valparaiso,CLVAP,FCL,40' Standard,1,2250
2024-03-04,2024-03-05,2024-04-10,PIL,36,CN,Ningbo,CNNGB,CL,Valparaiso,CLVAP,FCL,40' High Cube,1,2250
2024-03-04,2024-03-07,2024-04-17,PIL,41,CN,Ningbo,CNNGB,CL,Valparaiso,CLVAP,FCL,20' Standard,1,1700
2024-03-04,2024-03-07,2024-04-17,PIL,41,CN,Ningbo,CNNGB,CL,Valparaiso,CLVAP,FCL,40' Standard,1,2000
2024-03-04,2024-03-07,2024-04-17,PIL,41,CN,Ningbo,CNNGB,CL,Valparaiso,CLVAP,FCL,40' High Cube,1,2000
2024-03-04,2024-03-13,2024-04-24,,42,CN,Ningbo,CNNGB,CL,Valparaiso,CLVAP,FCL,20' Standard,1,1650
2024-03-04,2024-03-13,2024-04-24,,42,CN,Ningbo,CNNGB,CL,Valparaiso,CLVAP,FCL,40' Standard,1,1850
2024-03-04,2024-03-13,2024-04-24,,42,CN,Ningbo,CNNGB,CL,Valparaiso,CLVAP,FCL,40' High Cube,1,1850
2024-03-04,2024-03-03,2024-04-17,,45,CN,Xiaolan,CNXAO,JM,Kingston,JMKIN,FCL,20' Standard,1,2965
2024-03-04,2024-03-03,2024-04-17,,45,CN,Xiaolan,CNXAO,JM,Kingston,JMKIN,FCL,40' Standard,1,3565
2024-03-04,2024-03-03,2024-04-17,,45,CN,Xiaolan,CNXAO,JM,Kingston,JMKIN,FCL,40' High Cube,1,3565
2024-03-04,2024-03-03,2024-03-13,Maersk,20,CN,Shanghai,CNSHA,CA,Edmonton,CAEDM,FCL,20' Standard,1,3593
2024-03-04,2024-03-03,2024-03-13,Maersk,20,CN,Shanghai,CNSHA,CA,Edmonton,CAEDM,FCL,40' Standard,1,4165
2024-03-04,2024-03-03,2024-03-13,Maersk,20,CN,Shanghai,CNSHA,CA,Edmonton,CAEDM,FCL,40' High Cube,1,4165
2024-03-04,2024-03-03,2024-03-27,Maersk,77,BH,Bahrain,BHBAH,BR,Pecem,BRPEC,FCL,20' Standard,1,2998
2024-03-04,2024-03-03,2024-03-27,Maersk,77,BH,Bahrain,BHBAH,BR,Pecem,BRPEC,FCL,40' Standard,1,3636
2024-03-04,2024-03-03,2024-03-27,Maersk,77,BH,Bahrain,BHBAH,BR,Pecem,BRPEC,FCL,40' High Cube,1,3636
2024-03-04,2024-03-08,2024-04-10,,33,CN,Qingdao,CNTAO,PE,Callao,PECLL,FCL,20' Standard,1,2333
2024-03-04,2024-03-08,2024-04-10,,33,CN,Qingdao,CNTAO,PE,Callao,PECLL,FCL,40' Standard,1,2638
2024-03-04,2024-03-08,2024-04-10,,33,CN,Qingdao,CNTAO,PE,Callao,PECLL,FCL,40' High Cube,1,2638
2024-03-04,2024-03-14,2024-04-17,,34,CN,Qingdao,CNTAO,PE,Callao,PECLL,FCL,20' Standard,1,2333
2024-03-04,2024-03-14,2024-04-17,,34,CN,Qingdao,CNTAO,PE,Callao,PECLL,FCL,40' Standard,1,2638
2024-03-04,2024-03-14,2024-04-17,,34,CN,Qingdao,CNTAO,PE,Callao,PECLL,FCL,40' High Cube,1,2638
2024-03-04,2024-03-06,2024-04-05,OOCL,30,CN,Qingdao,CNTAO,PE,Callao,PECLL,FCL,20' Standard,1,2185
2024-03-04,2024-03-06,2024-04-05,OOCL,30,CN,Qingdao,CNTAO,PE,Callao,PECLL,FCL,40' Standard,1,2585
2024-03-04,2024-03-06,2024-04-05,OOCL,30,CN,Qingdao,CNTAO,PE,Callao,PECLL,FCL,40' High Cube,1,2585
2024-03-04,2024-03-04,2024-04-06,,33,CN,Qingdao,CNTAO,PE,Callao,PECLL,FCL,20' Standard,1,2087
2024-03-04,2024-03-04,2024-04-06,,33,CN,Qingdao,CNTAO,PE,Callao,PECLL,FCL,40' Standard,1,2424
2024-03-04,2024-03-04,2024-04-06,,33,CN,Qingdao,CNTAO,PE,Callao,PECLL,FCL,40' High Cube,1,2424
2024-03-04,2024-03-08,2024-04-13,PIL,36,CN,Qingdao,CNTAO,PE,Callao,PECLL,FCL,20' Standard,1,2025
2024-03-04,2024-03-08,2024-04-13,PIL,36,CN,Qingdao,CNTAO,PE,Callao,PECLL,FCL,40' Standard,1,2325
2024-03-04,2024-03-08,2024-04-13,PIL,36,CN,Qingdao,CNTAO,PE,Callao,PECLL,FCL,40' High Cube,1,2325
2024-03-04,2024-03-09,2024-04-16,PIL,38,CN,Qingdao,CNTAO,PE,Callao,PECLL,FCL,20' Standard,1,2025
2024-03-04,2024-03-09,2024-04-16,PIL,38,CN,Qingdao,CNTAO,PE,Callao,PECLL,FCL,40' Standard,1,2325
2024-03-04,2024-03-09,2024-04-16,PIL,38,CN,Qingdao,CNTAO,PE,Callao,PECLL,FCL,40' High Cube,1,2325
2024-03-04,2024-03-08,2024-04-05,PIL,28,CN,Qingdao,CNTAO,PE,Callao,PECLL,FCL,20' Standard,1,2025
2024-03-04,2024-03-08,2024-04-05,PIL,28,CN,Qingdao,CNTAO,PE,Callao,PECLL,FCL,40' Standard,1,2325
2024-03-04,2024-03-08,2024-04-05,PIL,28,CN,Qingdao,CNTAO,PE,Callao,PECLL,FCL,40' High Cube,1,2325
2024-03-04,2024-03-08,2024-04-05,,28,CN,Qingdao,CNTAO,PE,Callao,PECLL,FCL,20' Standard,1,2000
2024-03-04,2024-03-08,2024-04-05,,28,CN,Qingdao,CNTAO,PE,Callao,PECLL,FCL,40' Standard,1,2250
2024-03-04,2024-03-08,2024-04-05,,28,CN,Qingdao,CNTAO,PE,Callao,PECLL,FCL,40' High Cube,1,2250
2024-03-04,2024-03-08,2024-04-05,,28,CN,Qingdao,CNTAO,PE,Callao,PECLL,FCL,20' Standard,1,1937
2024-03-04,2024-03-08,2024-04-05,,28,CN,Qingdao,CNTAO,PE,Callao,PECLL,FCL,40' Standard,1,2248
2024-03-04,2024-03-08,2024-04-05,,28,CN,Qingdao,CNTAO,PE,Callao,PECLL,FCL,40' High Cube,1,2248
2024-03-04,2024-03-15,2024-04-12,,28,CN,Qingdao,CNTAO,PE,Callao,PECLL,FCL,20' Standard,1,1900
2024-03-04,2024-03-15,2024-04-12,,28,CN,Qingdao,CNTAO,PE,Callao,PECLL,FCL,40' Standard,1,2050
2024-03-04,2024-03-15,2024-04-12,,28,CN,Qingdao,CNTAO,PE,Callao,PECLL,FCL,40' High Cube,1,2050
2024-03-04,2024-03-13,2024-04-13,,31,CN,Qingdao,CNTAO,PE,Callao,PECLL,FCL,20' Standard,1,1887
2024-03-04,2024-03-13,2024-04-13,,31,CN,Qingdao,CNTAO,PE,Callao,PECLL,FCL,40' Standard,1,2148
2024-03-04,2024-03-13,2024-04-13,,31,CN,Qingdao,CNTAO,PE,Callao,PECLL,FCL,40' High Cube,1,2148
2024-03-04,2024-03-15,2024-04-12,,28,CN,Qingdao,CNTAO,PE,Callao,PECLL,FCL,20' Standard,1,1887
2024-03-04,2024-03-15,2024-04-12,,28,CN,Qingdao,CNTAO,PE,Callao,PECLL,FCL,40' Standard,1,2148
2024-03-04,2024-03-15,2024-04-12,,28,CN,Qingdao,CNTAO,PE,Callao,PECLL,FCL,40' High Cube,1,2148
2024-03-04,2024-03-15,2024-04-20,PIL,36,CN,Qingdao,CNTAO,PE,Callao,PECLL,FCL,20' Standard,1,1725
2024-03-04,2024-03-15,2024-04-20,PIL,36,CN,Qingdao,CNTAO,PE,Callao,PECLL,FCL,40' Standard,1,2125
2024-03-04,2024-03-15,2024-04-20,PIL,36,CN,Qingdao,CNTAO,PE,Callao,PECLL,FCL,40' High Cube,1,2125
2024-03-04,2024-03-16,2024-04-12,PIL,27,CN,Qingdao,CNTAO,PE,Callao,PECLL,FCL,20' Standard,1,1725
2024-03-04,2024-03-16,2024-04-12,PIL,27,CN,Qingdao,CNTAO,PE,Callao,PECLL,FCL,40' Standard,1,2125
2024-03-04,2024-03-16,2024-04-12,PIL,27,CN,Qingdao,CNTAO,PE,Callao,PECLL,FCL,40' High Cube,1,2125
2024-03-04,2024-03-16,2024-04-23,PIL,38,CN,Qingdao,CNTAO,PE,Callao,PECLL,FCL,20' Standard,1,1725
2024-03-04,2024-03-16,2024-04-23,PIL,38,CN,Qingdao,CNTAO,PE,Callao,PECLL,FCL,40' Standard,1,2125
2024-03-04,2024-03-16,2024-04-23,PIL,38,CN,Qingdao,CNTAO,PE,Callao,PECLL,FCL,40' High Cube,1,2125
2024-03-04,2024-03-11,2024-04-13,OOCL,33,CN,Qingdao,CNTAO,PE,Callao,PECLL,FCL,20' Standard,1,1685
2024-03-04,2024-03-11,2024-04-13,OOCL,33,CN,Qingdao,CNTAO,PE,Callao,PECLL,FCL,40' Standard,1,2185
2024-03-04,2024-03-11,2024-04-13,OOCL,33,CN,Qingdao,CNTAO,PE,Callao,PECLL,FCL,40' High Cube,1,2185
2024-03-04,2024-03-09,2024-04-16,OOCL,38,CN,Qingdao,CNTAO,PE,Callao,PECLL,FCL,20' Standard,1,1685
2024-03-04,2024-03-09,2024-04-16,OOCL,38,CN,Qingdao,CNTAO,PE,Callao,PECLL,FCL,40' Standard,1,2185
2024-03-04,2024-03-09,2024-04-16,OOCL,38,CN,Qingdao,CNTAO,PE,Callao,PECLL,FCL,40' High Cube,1,2185
2024-03-04,2024-03-12,2024-04-12,OOCL,31,CN,Qingdao,CNTAO,PE,Callao,PECLL,FCL,20' Standard,1,1685
2024-03-04,2024-03-12,2024-04-12,OOCL,31,CN,Qingdao,CNTAO,PE,Callao,PECLL,FCL,40' Standard,1,2185
2024-03-04,2024-03-12,2024-04-12,OOCL,31,CN,Qingdao,CNTAO,PE,Callao,PECLL,FCL,40' High Cube,1,2185
2024-03-04,2024-03-16,2024-04-20,OOCL,35,CN,Qingdao,CNTAO,PE,Callao,PECLL,FCL,20' Standard,1,1685
2024-03-04,2024-03-16,2024-04-20,OOCL,35,CN,Qingdao,CNTAO,PE,Callao,PECLL,FCL,40' Standard,1,2185
2024-03-04,2024-03-16,2024-04-20,OOCL,35,CN,Qingdao,CNTAO,PE,Callao,PECLL,FCL,40' High Cube,1,2185
2024-03-04,2024-03-04,2024-03-31,DFA Special offer,,BD,Chittagong,BDCGP,GB,Southampton,GBSOU,FCL,20' Standard,1,1550
2024-03-04,2024-03-04,2024-03-31,DFA Special offer,,BD,Chittagong,BDCGP,GB,Southampton,GBSOU,FCL,40' High Cube,1,2950
2024-03-04,2024-03-04,2024-03-31,DFA Special offer,,TW,Taoyuan,TWTYN,GB,Southampton,GBSOU,FCL,20' Standard,1,2275
2024-03-04,2024-03-04,2024-03-31,DFA Special offer,,TW,Taoyuan,TWTYN,GB,Southampton,GBSOU,FCL,40' High Cube,1,4350
2024-03-04,2024-03-04,2024-03-31,DFA Special offer,,TW,Keelung,TWKEL,GB,Southampton,GBSOU,FCL,20' Standard,1,2275
2024-03-04,2024-03-04,2024-03-31,DFA Special offer,,TW,Keelung,TWKEL,GB,Southampton,GBSOU,FCL,40' High Cube,1,4350
2024-03-04,2024-03-04,2024-03-31,DFA Special offer,,TH,Bangkok,THBKK,GB,Southampton,GBSOU,FCL,20' Standard,1,2200
2024-03-04,2024-03-04,2024-03-31,DFA Special offer,,TH,Bangkok,THBKK,GB,Southampton,GBSOU,FCL,40' High Cube,1,4250
2024-03-04,2024-03-04,2024-03-31,DFA Special offer,,VN,Da Nang,VNDAD,GB,Southampton,GBSOU,FCL,20' Standard,1,2075
2024-03-04,2024-03-04,2024-03-31,DFA Special offer,,VN,Da Nang,VNDAD,GB,Southampton,GBSOU,FCL,40' High Cube,1,4350
2024-03-04,2024-03-04,2024-03-31,DFA Special offer,,MM,Yangon,MMRGN,GB,Southampton,GBSOU,FCL,20' Standard,1,2075
2024-03-04,2024-03-04,2024-03-31,DFA Special offer,,MM,Yangon,MMRGN,GB,Southampton,GBSOU,FCL,40' High Cube,1,4350
2024-03-04,2024-03-04,2024-03-31,DFA Special offer,,PH,Cebu City,PHCEB,GB,Southampton,GBSOU,FCL,20' Standard,1,2200
2024-03-04,2024-03-04,2024-03-31,DFA Special offer,,PH,Cebu City,PHCEB,GB,Southampton,GBSOU,FCL,40' High Cube,1,4150
2024-03-04,2024-03-04,2024-03-31,DFA Special offer,,PH,Manila,PHMNL,GB,Southampton,GBSOU,FCL,20' Standard,1,2200
2024-03-04,2024-03-04,2024-03-31,DFA Special offer,,PH,Manila,PHMNL,GB,Southampton,GBSOU,FCL,40' High Cube,1,4150
2024-03-04,2024-03-04,2024-03-31,DFA Special offer,,MY,Penang,MYPEN,GB,Southampton,GBSOU,FCL,20' Standard,1,2200
2024-03-04,2024-03-04,2024-03-31,DFA Special offer,,MY,Penang,MYPEN,GB,Southampton,GBSOU,FCL,40' High Cube,1,4150
2024-03-04,2024-03-04,2024-03-31,DFA Special offer,,ID,"Semarang, Java",IDSRG,GB,Southampton,GBSOU,FCL,20' Standard,1,2200
2024-03-04,2024-03-04,2024-03-31,DFA Special offer,,ID,"Semarang, Java",IDSRG,GB,Southampton,GBSOU,FCL,40' High Cube,1,4100
2024-03-04,2024-03-04,2024-03-31,DFA Special offer,,ID,Surabaya,IDSUB,GB,Southampton,GBSOU,FCL,20' Standard,1,2200
2024-03-04,2024-03-04,2024-03-31,DFA Special offer,,ID,Surabaya,IDSUB,GB,Southampton,GBSOU,FCL,40' High Cube,1,4100
2024-03-04,2024-03-04,2024-03-31,DFA Special offer,,ID,Belawan,IDBLW,GB,Southampton,GBSOU,FCL,20' Standard,1,2200
2024-03-04,2024-03-04,2024-03-31,DFA Special offer,,ID,Belawan,IDBLW,GB,Southampton,GBSOU,FCL,40' High Cube,1,4100
2024-03-04,2024-03-04,2024-03-31,DFA Special offer,,ID,Jakarta,IDJKT,GB,Southampton,GBSOU,FCL,20' Standard,1,2200
2024-03-04,2024-03-04,2024-03-31,DFA Special offer,,ID,Jakarta,IDJKT,GB,Southampton,GBSOU,FCL,40' High Cube,1,4100
2024-03-04,2024-03-04,2024-03-31,DFA Special offer,,KR,Pusan,KRPUS,GB,Southampton,GBSOU,FCL,20' Standard,1,2250
2024-03-04,2024-03-04,2024-03-31,DFA Special offer,,KR,Pusan,KRPUS,GB,Southampton,GBSOU,FCL,40' High Cube,1,4350
2024-03-04,2024-03-04,2024-03-31,DFA Special offer,,JP,Tokyo,JPTYO,GB,Southampton,GBSOU,FCL,20' Standard,1,1725
2024-03-04,2024-03-04,2024-03-31,DFA Special offer,,JP,Tokyo,JPTYO,GB,Southampton,GBSOU,FCL,40' High Cube,1,3250
2024-03-04,2024-03-04,2024-03-31,DFA Special offer,,JP,Yokohama,JPYOK,GB,Southampton,GBSOU,FCL,20' Standard,1,2200
2024-03-04,2024-03-04,2024-03-31,DFA Special offer,,JP,Yokohama,JPYOK,GB,Southampton,GBSOU,FCL,40' High Cube,1,3450
2024-03-04,2024-03-04,2024-03-31,DFA Special offer,,MY,Port Kelang,MYPKG,GB,Southampton,GBSOU,FCL,20' Standard,1,2200
2024-03-04,2024-03-04,2024-03-31,DFA Special offer,,MY,Port Kelang,MYPKG,GB,Southampton,GBSOU,FCL,40' High Cube,1,4150
2024-03-04,2024-03-04,2024-03-31,DFA Special offer,,JP,Osaka,JPOSA,GB,Southampton,GBSOU,FCL,20' Standard,1,1625
2024-03-04,2024-03-04,2024-03-31,DFA Special offer,,JP,Osaka,JPOSA,GB,Southampton,GBSOU,FCL,40' High Cube,1,3150
2024-03-04,2024-03-04,2024-03-31,DFA Special offer,,JP,Kobe,JPUKB,GB,Southampton,GBSOU,FCL,20' Standard,1,1625
2024-03-04,2024-03-04,2024-03-31,DFA Special offer,,JP,Kobe,JPUKB,GB,Southampton,GBSOU,FCL,40' High Cube,1,3150
2024-03-04,2024-03-04,2024-03-31,DFA Special offer,,SG,Singapore,SGSIN,GB,Southampton,GBSOU,FCL,20' Standard,1,2050
2024-03-04,2024-03-04,2024-03-31,DFA Special offer,,SG,Singapore,SGSIN,GB,Southampton,GBSOU,FCL,40' High Cube,1,4000
2024-03-04,2024-03-04,2024-03-31,DFA Special offer,,TW,Taichung,TWTXG,GB,Southampton,GBSOU,FCL,20' Standard,1,2200
2024-03-04,2024-03-04,2024-03-31,DFA Special offer,,TW,Taichung,TWTXG,GB,Southampton,GBSOU,FCL,40' High Cube,1,4150
2024-03-04,2024-03-04,2024-03-31,DFA Special offer,,TH,Laem Chabang,THLCH,GB,Southampton,GBSOU,FCL,20' Standard,1,2200
2024-03-04,2024-03-04,2024-03-31,DFA Special offer,,TH,Laem Chabang,THLCH,GB,Southampton,GBSOU,FCL,40' High Cube,1,4150
2024-03-04,2024-03-04,2024-03-31,DFA Special offer,,TH,Lat Krabang,THLKR,GB,Southampton,GBSOU,FCL,20' Standard,1,2200
2024-03-04,2024-03-04,2024-03-31,DFA Special offer,,TH,Lat Krabang,THLKR,GB,Southampton,GBSOU,FCL,40' High Cube,1,4150
2024-03-04,2024-03-04,2024-03-31,DFA Special offer,,MY,Pasir Gudang,MYPGU,GB,Southampton,GBSOU,FCL,20' Standard,1,2200
2024-03-04,2024-03-04,2024-03-31,DFA Special offer,,MY,Pasir Gudang,MYPGU,GB,Southampton,GBSOU,FCL,40' High Cube,1,4150
2024-03-04,2024-03-04,2024-03-31,DFA Special offer,,VN,Haiphong,VNHPH,GB,Southampton,GBSOU,FCL,20' Standard,1,2050
2024-03-04,2024-03-04,2024-03-31,DFA Special offer,,VN,Haiphong,VNHPH,GB,Southampton,GBSOU,FCL,40' High Cube,1,3750
2024-03-04,2024-03-04,2024-03-31,DFA Special offer,,VN,Ho Chi Minh City,VNSGN,GB,Southampton,GBSOU,FCL,20' Standard,1,1950
2024-03-04,2024-03-04,2024-03-31,DFA Special offer,,VN,Ho Chi Minh City,VNSGN,GB,Southampton,GBSOU,FCL,40' High Cube,1,2950
2024-03-04,2024-03-04,2024-03-31,DFA Special offer,,TW,Kaohsiung,TWKHH,GB,Southampton,GBSOU,FCL,20' Standard,1,2225
2024-03-04,2024-03-04,2024-03-31,DFA Special offer,,TW,Kaohsiung,TWKHH,GB,Southampton,GBSOU,FCL,40' High Cube,1,4250
2024-03-04,2024-03-04,2024-03-31,DFA Special offer,,CN,Xingang,CNXGA,GB,Southampton,GBSOU,FCL,20' Standard,1,1850
2024-03-04,2024-03-04,2024-03-31,DFA Special offer,,CN,Xingang,CNXGA,GB,Southampton,GBSOU,FCL,40' High Cube,1,2950
2024-03-04,2024-03-04,2024-03-31,DFA Special offer,,CN,Tianjin,CNTSN,GB,Southampton,GBSOU,FCL,20' Standard,1,1850
2024-03-04,2024-03-04,2024-03-31,DFA Special offer,,CN,Tianjin,CNTSN,GB,Southampton,GBSOU,FCL,40' High Cube,1,2950
2024-03-04,2024-03-04,2024-03-31,DFA Special offer,,CN,Ningbo,CNNGB,GB,Southampton,GBSOU,FCL,20' Standard,1,1850
2024-03-04,2024-03-04,2024-03-31,DFA Special offer,,CN,Ningbo,CNNGB,GB,Southampton,GBSOU,FCL,40' High Cube,1,2950
2024-03-04,2024-03-04,2024-03-31,DFA Special offer,,HK,Hong Kong,HKHKG,GB,Southampton,GBSOU,FCL,20' Standard,1,1850
2024-03-04,2024-03-04,2024-03-31,DFA Special offer,,HK,Hong Kong,HKHKG,GB,Southampton,GBSOU,FCL,40' High Cube,1,2950
2024-03-04,2024-03-04,2024-03-31,DFA Special offer,,CN,Fuzhou,CNFOC,GB,Southampton,GBSOU,FCL,20' Standard,1,1850
2024-03-04,2024-03-04,2024-03-31,DFA Special offer,,CN,Fuzhou,CNFOC,GB,Southampton,GBSOU,FCL,40' High Cube,1,2950
2024-03-04,2024-03-04,2024-03-31,DFA Special offer,,CN,Yantian,CNYTN,GB,Southampton,GBSOU,FCL,20' Standard,1,1850
2024-03-04,2024-03-04,2024-03-31,DFA Special offer,,CN,Yantian,CNYTN,GB,Southampton,GBSOU,FCL,40' High Cube,1,2950
2024-03-04,2024-03-04,2024-03-31,DFA Special offer,,CN,Xiamen,CNXMN,GB,Southampton,GBSOU,FCL,20' Standard,1,1950
2024-03-04,2024-03-04,2024-03-31,DFA Special offer,,CN,Xiamen,CNXMN,GB,Southampton,GBSOU,FCL,40' High Cube,1,3250
2024-03-04,2024-03-04,2024-03-31,DFA Special offer,,CN,Qingdao,CNTAO,GB,Southampton,GBSOU,FCL,20' Standard,1,1850
2024-03-04,2024-03-04,2024-03-31,DFA Special offer,,CN,Qingdao,CNTAO,GB,Southampton,GBSOU,FCL,40' High Cube,1,2950
2024-03-04,2024-03-04,2024-03-31,DFA Special offer,,CN,Shanghai,CNSHA,GB,Southampton,GBSOU,FCL,20' Standard,1,1850
2024-03-04,2024-03-04,2024-03-31,DFA Special offer,,CN,Shanghai,CNSHA,GB,Southampton,GBSOU,FCL,40' High Cube,1,2950
2024-03-04,2024-03-04,2024-03-31,DFA Special offer,,CN,Nansha,CNNSA,GB,Southampton,GBSOU,FCL,20' Standard,1,1850
2024-03-04,2024-03-04,2024-03-31,DFA Special offer,,CN,Nansha,CNNSA,GB,Southampton,GBSOU,FCL,40' High Cube,1,2950
2024-03-04,2024-03-04,2024-03-31,DFA Special offer,,CN,Lianyungang,CNLYG,GB,Southampton,GBSOU,FCL,20' Standard,1,2150
2024-03-04,2024-03-04,2024-03-31,DFA Special offer,,CN,Lianyungang,CNLYG,GB,Southampton,GBSOU,FCL,40' High Cube,1,3500
2024-03-04,2024-03-04,2024-03-31,DFA Special offer,,CN,Dalian,CNDLC,GB,Southampton,GBSOU,FCL,20' Standard,1,1850
2024-03-04,2024-03-04,2024-03-31,DFA Special offer,,CN,Dalian,CNDLC,GB,Southampton,GBSOU,FCL,40' High Cube,1,2950
2024-03-04,2024-03-08,2024-04-15,,38,CN,Ningbo,CNNGB,CO,Cartagena,COCTG,FCL,20' Standard,1,2764
2024-03-04,2024-03-08,2024-04-15,,38,CN,Ningbo,CNNGB,CO,Cartagena,COCTG,FCL,40' Standard,1,3414
2024-03-04,2024-03-08,2024-04-15,,38,CN,Ningbo,CNNGB,CO,Cartagena,COCTG,FCL,40' High Cube,1,3414
2024-03-04,2024-03-14,2024-04-22,COSCO,39,CN,Ningbo,CNNGB,CO,Cartagena,COCTG,FCL,20' Standard,1,2650
2024-03-04,2024-03-14,2024-04-22,COSCO,39,CN,Ningbo,CNNGB,CO,Cartagena,COCTG,FCL,40' Standard,1,3400
2024-03-04,2024-03-14,2024-04-22,COSCO,39,CN,Ningbo,CNNGB,CO,Cartagena,COCTG,FCL,40' High Cube,1,3400
2024-03-04,2024-03-04,2024-03-27,ONE,23,CN,Ningbo,CNNGB,MX,Lazaro Cardenas,MXLZC,FCL,20' Standard,1,2325
2024-03-04,2024-03-04,2024-03-27,ONE,23,CN,Ningbo,CNNGB,MX,Lazaro Cardenas,MXLZC,FCL,40' Standard,1,2825
2024-03-04,2024-03-04,2024-03-27,ONE,23,CN,Ningbo,CNNGB,MX,Lazaro Cardenas,MXLZC,FCL,40' High Cube,1,2825
2024-03-04,2024-03-06,2024-03-27,,21,CN,Ningbo,CNNGB,MX,Lazaro Cardenas,MXLZC,FCL,20' Standard,1,2163
2024-03-04,2024-03-06,2024-03-27,,21,CN,Ningbo,CNNGB,MX,Lazaro Cardenas,MXLZC,FCL,40' Standard,1,2263
2024-03-04,2024-03-06,2024-03-27,,21,CN,Ningbo,CNNGB,MX,Lazaro Cardenas,MXLZC,FCL,40' High Cube,1,2263
2024-03-04,2024-03-06,2024-03-29,HMM,23,CN,Ningbo,CNNGB,MX,Lazaro Cardenas,MXLZC,FCL,20' Standard,1,2165
2024-03-04,2024-03-06,2024-03-29,HMM,23,CN,Ningbo,CNNGB,MX,Lazaro Cardenas,MXLZC,FCL,40' Standard,1,2565
2024-03-04,2024-03-06,2024-03-29,HMM,23,CN,Ningbo,CNNGB,MX,Lazaro Cardenas,MXLZC,FCL,40' High Cube,1,2565
2024-03-04,2024-03-06,2024-03-27,PIL,21,CN,Ningbo,CNNGB,MX,Lazaro Cardenas,MXLZC,FCL,20' Standard,1,2085
2024-03-04,2024-03-06,2024-03-27,PIL,21,CN,Ningbo,CNNGB,MX,Lazaro Cardenas,MXLZC,FCL,40' Standard,1,2285
2024-03-04,2024-03-06,2024-03-27,PIL,21,CN,Ningbo,CNNGB,MX,Lazaro Cardenas,MXLZC,FCL,40' High Cube,1,2285
2024-03-04,2024-03-13,2024-04-03,COSCO,21,CN,Ningbo,CNNGB,MX,Lazaro Cardenas,MXLZC,FCL,20' Standard,1,1680
2024-03-04,2024-03-13,2024-04-03,COSCO,21,CN,Ningbo,CNNGB,MX,Lazaro Cardenas,MXLZC,FCL,40' Standard,1,2030
2024-03-04,2024-03-13,2024-04-03,COSCO,21,CN,Ningbo,CNNGB,MX,Lazaro Cardenas,MXLZC,FCL,40' High Cube,1,2030
2024-03-04,2024-03-03,1970-01-01,ONE,,CN,Zhangjiang,CNZHA,IN,Calcutta,INCCU,FCL,20' Standard,1,2229
2024-03-04,2024-03-03,1970-01-01,ONE,,CN,Zhangjiang,CNZHA,IN,Calcutta,INCCU,FCL,40' Standard,1,2383
2024-03-04,2024-03-03,1970-01-01,ONE,,CN,Zhangjiang,CNZHA,IN,Calcutta,INCCU,FCL,40' High Cube,1,2383
2024-03-04,2024-03-09,2024-04-18,,40,CN,Shanghai,CNSHA,NO,Oslo,NOOSL,FCL,20' Standard,1,2531
2024-03-04,2024-03-09,2024-04-18,,40,CN,Shanghai,CNSHA,NO,Oslo,NOOSL,FCL,40' Standard,1,4567
2024-03-04,2024-03-09,2024-04-18,,40,CN,Shanghai,CNSHA,NO,Oslo,NOOSL,FCL,40' High Cube,1,4567
2024-03-04,2024-03-11,2024-04-28,HMM,48,CN,Yantian,CNYTN,GB,Southampton,GBSOU,FCL,20' Standard,1,2248
2024-03-04,2024-03-11,2024-04-28,HMM,48,CN,Yantian,CNYTN,GB,Southampton,GBSOU,FCL,40' Standard,1,4066
2024-03-04,2024-03-11,2024-04-28,HMM,48,CN,Yantian,CNYTN,GB,Southampton,GBSOU,FCL,40' High Cube,1,4066
2024-03-04,2024-03-07,2024-04-13,,37,CN,Yantian,CNYTN,GB,Southampton,GBSOU,FCL,20' Standard,1,2125
2024-03-04,2024-03-07,2024-04-13,,37,CN,Yantian,CNYTN,GB,Southampton,GBSOU,FCL,40' Standard,1,4150
2024-03-04,2024-03-07,2024-04-13,,37,CN,Yantian,CNYTN,GB,Southampton,GBSOU,FCL,40' High Cube,1,4150
2024-03-04,2024-03-04,2024-04-24,ONE,51,CN,Yantian,CNYTN,GB,Southampton,GBSOU,FCL,20' Standard,1,2043
2024-03-04,2024-03-04,2024-04-24,ONE,51,CN,Yantian,CNYTN,GB,Southampton,GBSOU,FCL,40' Standard,1,3821
2024-03-04,2024-03-04,2024-04-24,ONE,51,CN,Yantian,CNYTN,GB,Southampton,GBSOU,FCL,40' High Cube,1,3821
2024-03-04,2024-03-05,2024-03-28,,23,CN,Shanghai,CNSHA,MX,Guaymas,MXGYM,FCL,20' Standard,1,8847
2024-03-04,2024-03-05,2024-03-28,,23,CN,Shanghai,CNSHA,MX,Guaymas,MXGYM,FCL,40' Standard,1,9394
2024-03-04,2024-03-05,2024-03-28,,23,CN,Shanghai,CNSHA,MX,Guaymas,MXGYM,FCL,40' High Cube,1,9394
2024-03-04,2024-03-04,2024-03-25,ONE,21,CN,Ningbo,CNNGB,MX,Manzanillo,MXZLO,FCL,20' Standard,1,2325
2024-03-04,2024-03-04,2024-03-25,ONE,21,CN,Ningbo,CNNGB,MX,Manzanillo,MXZLO,FCL,40' Standard,1,2825
2024-03-04,2024-03-04,2024-03-25,ONE,21,CN,Ningbo,CNNGB,MX,Manzanillo,MXZLO,FCL,40' High Cube,1,2825
2024-03-04,2024-03-06,2024-03-26,HMM,20,CN,Ningbo,CNNGB,MX,Manzanillo,MXZLO,FCL,20' Standard,1,2165
2024-03-04,2024-03-06,2024-03-26,HMM,20,CN,Ningbo,CNNGB,MX,Manzanillo,MXZLO,FCL,40' Standard,1,2565
2024-03-04,2024-03-06,2024-03-26,HMM,20,CN,Ningbo,CNNGB,MX,Manzanillo,MXZLO,FCL,40' High Cube,1,2565
2024-03-04,2024-03-09,2024-03-29,COSCO,20,CN,Ningbo,CNNGB,MX,Manzanillo,MXZLO,FCL,20' Standard,1,2595
2024-03-04,2024-03-09,2024-03-29,COSCO,20,CN,Ningbo,CNNGB,MX,Manzanillo,MXZLO,FCL,40' Standard,1,2855
2024-03-04,2024-03-09,2024-03-29,COSCO,20,CN,Ningbo,CNNGB,MX,Manzanillo,MXZLO,FCL,40' High Cube,1,2855
2024-03-04,2024-03-06,2024-03-25,,19,CN,Ningbo,CNNGB,MX,Manzanillo,MXZLO,FCL,20' Standard,1,2063
2024-03-04,2024-03-06,2024-03-25,,19,CN,Ningbo,CNNGB,MX,Manzanillo,MXZLO,FCL,40' Standard,1,2163
2024-03-04,2024-03-06,2024-03-25,,19,CN,Ningbo,CNNGB,MX,Manzanillo,MXZLO,FCL,40' High Cube,1,2163
2024-03-04,2024-03-05,2024-03-24,PIL,19,CN,Ningbo,CNNGB,MX,Manzanillo,MXZLO,FCL,20' Standard,1,2085
2024-03-04,2024-03-05,2024-03-24,PIL,19,CN,Ningbo,CNNGB,MX,Manzanillo,MXZLO,FCL,40' Standard,1,2285
2024-03-04,2024-03-05,2024-03-24,PIL,19,CN,Ningbo,CNNGB,MX,Manzanillo,MXZLO,FCL,40' High Cube,1,2285
2024-03-04,2024-03-04,2024-03-25,,21,CN,Ningbo,CNNGB,MX,Guaymas,MXGYM,FCL,20' Standard,1,8974
2024-03-04,2024-03-04,2024-03-25,,21,CN,Ningbo,CNNGB,MX,Guaymas,MXGYM,FCL,40' Standard,1,9384
2024-03-04,2024-03-04,2024-03-25,,21,CN,Ningbo,CNNGB,MX,Guaymas,MXGYM,FCL,40' High Cube,1,9384
2024-03-04,2024-03-03,2024-03-20,,17,CN,Shanghai,CNSHA,MX,Lazaro Cardenas,MXLZC,FCL,20' Standard,1,2360
2024-03-04,2024-03-03,2024-03-20,,17,CN,Shanghai,CNSHA,MX,Lazaro Cardenas,MXLZC,FCL,40' Standard,1,2560
2024-03-04,2024-03-03,2024-03-20,,17,CN,Shanghai,CNSHA,MX,Lazaro Cardenas,MXLZC,FCL,40' High Cube,1,2560
2024-03-04,2024-03-05,2024-04-05,ONE,31,CN,Shanghai,CNSHA,MX,Lazaro Cardenas,MXLZC,FCL,20' Standard,1,2325
2024-03-04,2024-03-05,2024-04-05,ONE,31,CN,Shanghai,CNSHA,MX,Lazaro Cardenas,MXLZC,FCL,40' Standard,1,2825
2024-03-04,2024-03-05,2024-04-05,ONE,31,CN,Shanghai,CNSHA,MX,Lazaro Cardenas,MXLZC,FCL,40' High Cube,1,2825
2024-03-04,2024-03-03,2024-03-31,MSC,28,CN,Shanghai,CNSHA,MX,Lazaro Cardenas,MXLZC,FCL,20' Standard,1,2160
2024-03-04,2024-03-03,2024-03-31,MSC,28,CN,Shanghai,CNSHA,MX,Lazaro Cardenas,MXLZC,FCL,40' Standard,1,2561
2024-03-04,2024-03-03,2024-03-31,MSC,28,CN,Shanghai,CNSHA,MX,Lazaro Cardenas,MXLZC,FCL,40' High Cube,1,2561
2024-03-04,2024-03-03,2024-03-29,HMM,26,CN,Shanghai,CNSHA,MX,Lazaro Cardenas,MXLZC,FCL,20' Standard,1,1982
2024-03-04,2024-03-03,2024-03-29,HMM,26,CN,Shanghai,CNSHA,MX,Lazaro Cardenas,MXLZC,FCL,40' Standard,1,2722
2024-03-04,2024-03-03,2024-03-29,HMM,26,CN,Shanghai,CNSHA,MX,Lazaro Cardenas,MXLZC,FCL,40' High Cube,1,2722
2024-03-04,2024-03-08,2024-03-27,PIL,19,CN,Shanghai,CNSHA,MX,Lazaro Cardenas,MXLZC,FCL,20' Standard,1,1960
2024-03-04,2024-03-08,2024-03-27,PIL,19,CN,Shanghai,CNSHA,MX,Lazaro Cardenas,MXLZC,FCL,40' Standard,1,2160
2024-03-04,2024-03-08,2024-03-27,PIL,19,CN,Shanghai,CNSHA,MX,Lazaro Cardenas,MXLZC,FCL,40' High Cube,1,2160
2024-03-04,2024-03-13,2024-04-09,Maersk,27,CN,Shanghai,CNSHA,MX,Lazaro Cardenas,MXLZC,FCL,20' Standard,1,1849
2024-03-04,2024-03-13,2024-04-09,Maersk,27,CN,Shanghai,CNSHA,MX,Lazaro Cardenas,MXLZC,FCL,40' Standard,1,2249
2024-03-04,2024-03-13,2024-04-09,Maersk,27,CN,Shanghai,CNSHA,MX,Lazaro Cardenas,MXLZC,FCL,40' High Cube,1,2249
2024-03-04,2024-03-11,2024-03-31,OOCL,20,CN,Shanghai,CNSHA,MX,Lazaro Cardenas,MXLZC,FCL,20' Standard,1,1665
2024-03-04,2024-03-11,2024-03-31,OOCL,20,CN,Shanghai,CNSHA,MX,Lazaro Cardenas,MXLZC,FCL,40' Standard,1,2165
2024-03-04,2024-03-11,2024-03-31,OOCL,20,CN,Shanghai,CNSHA,MX,Lazaro Cardenas,MXLZC,FCL,40' High Cube,1,2165
2024-03-04,2024-03-11,2024-03-31,COSCO,20,CN,Shanghai,CNSHA,MX,Lazaro Cardenas,MXLZC,FCL,20' Standard,1,1562
2024-03-04,2024-03-11,2024-03-31,COSCO,20,CN,Shanghai,CNSHA,MX,Lazaro Cardenas,MXLZC,FCL,40' Standard,1,1812
2024-03-04,2024-03-11,2024-03-31,COSCO,20,CN,Shanghai,CNSHA,MX,Lazaro Cardenas,MXLZC,FCL,40' High Cube,1,1812
2024-03-04,2024-03-07,1970-01-01,ZIM,,CN,Shanghai,CNSHA,MX,Lazaro Cardenas,MXLZC,FCL,20' Standard,1,1560
2024-03-04,2024-03-07,1970-01-01,ZIM,,CN,Shanghai,CNSHA,MX,Lazaro Cardenas,MXLZC,FCL,40' Standard,1,1760
2024-03-04,2024-03-07,1970-01-01,ZIM,,CN,Shanghai,CNSHA,MX,Lazaro Cardenas,MXLZC,FCL,40' High Cube,1,1760
2024-03-04,2024-03-03,2024-04-04,Maersk,61,NL,Amsterdam,NLAMS,BH,Bahrain,BHBAH,FCL,20' Standard,1,1152
2024-03-04,2024-03-03,2024-04-04,Maersk,61,NL,Amsterdam,NLAMS,BH,Bahrain,BHBAH,FCL,40' Standard,1,1827
2024-03-04,2024-03-03,2024-04-04,Maersk,61,NL,Amsterdam,NLAMS,BH,Bahrain,BHBAH,FCL,40' High Cube,1,1827
2024-03-04,2024-03-06,1970-01-01,OOCL,,CN,Shanghai,CNSHA,EC,Guayaquil,ECGYE,FCL,20' Standard,1,2425
2024-03-04,2024-03-06,1970-01-01,OOCL,,CN,Shanghai,CNSHA,EC,Guayaquil,ECGYE,FCL,40' Standard,1,2925
2024-03-04,2024-03-06,1970-01-01,OOCL,,CN,Shanghai,CNSHA,EC,Guayaquil,ECGYE,FCL,40' High Cube,1,2925
2024-03-04,2024-03-16,2024-04-16,,31,CN,Shanghai,CNSHA,EC,Guayaquil,ECGYE,FCL,20' Standard,1,2340
2024-03-04,2024-03-16,2024-04-16,,31,CN,Shanghai,CNSHA,EC,Guayaquil,ECGYE,FCL,40' Standard,1,2740
2024-03-04,2024-03-16,2024-04-16,,31,CN,Shanghai,CNSHA,EC,Guayaquil,ECGYE,FCL,40' High Cube,1,2740
2024-03-04,2024-03-10,2024-04-20,MSC,41,CN,Shanghai,CNSHA,EC,Guayaquil,ECGYE,FCL,20' Standard,1,2125
2024-03-04,2024-03-10,2024-04-20,MSC,41,CN,Shanghai,CNSHA,EC,Guayaquil,ECGYE,FCL,40' Standard,1,2526
2024-03-04,2024-03-10,2024-04-20,MSC,41,CN,Shanghai,CNSHA,EC,Guayaquil,ECGYE,FCL,40' High Cube,1,2526
2024-03-04,2024-03-10,2024-04-20,HMM,41,CN,Shanghai,CNSHA,EC,Guayaquil,ECGYE,FCL,20' Standard,1,1952
